date,equity,drawdown,returns
2020-12-31,1000000.0,0.0,0.0
2021-01-04,996032.6130538725,-0.003967386946127527,-0.003967386946127527
2021-01-05,996929.025534551,-0.0030709744654490168,0.000899983061729337
2021-01-06,1006057.7045276772,0.0,0.00915679928993085
2021-01-07,1012722.9899137325,0.0,0.006625152171747972
2021-01-08,1010989.5236842606,-0.001711688434780756,-0.001711688434780756
2021-01-11,1012678.7781693812,-4.365630561531386e-05,0.001670892175978933
2021-01-12,1023160.9379259486,0.0,0.010350922703758147
2021-01-13,1021657.8665282122,-0.0014690468938184376,-0.0014690468938184376
2021-01-14,1034063.1886908096,0.0,0.012142344877892564
2021-01-15,1015659.106523104,-0.0177978312824445,-0.0177978312824445
2021-01-19,1030441.2766038897,-0.0035026022843976934,0.014554263321075567
2021-01-20,1031771.89300984,-0.0022158178591296096,0.0012913073613818327
2021-01-21,1032358.6829370323,-0.0016483574431610526,0.0005687205972246812
2021-01-22,1030316.0626840816,-0.0036236915187669583,-0.0019785955082389783
2021-01-25,1024208.7204992316,-0.009529851076174989,-0.0059276394943700295
2021-01-26,1016412.0490543466,-0.017069691513543317,-0.00761238533595443
2021-01-27,998185.8485159163,-0.034695500784934,-0.017931901294743313
2021-01-28,997522.3375493619,-0.03533715496410894,-0.0006647168636391143
2021-01-29,998792.2704546702,-0.03410905505764561,0.0012730871856245773
2021-02-01,999242.6910883482,-0.033673471779366304,0.0004509652777677786
2021-02-02,987346.8987558793,-0.04517740351445665,-0.011904807949620677
2021-02-03,986469.0374461116,-0.04602634709872555,-0.0008891113253850502
2021-02-04,982802.167827672,-0.04957242596367584,-0.0037171664585974318
2021-02-05,982660.2358054494,-0.04970968258761799,-0.00014441565848011262
2021-02-08,988123.9792235526,-0.044425920939530794,0.005560155198123695
2021-02-09,988965.1911264949,-0.043612419489965304,0.0008513222233543782
2021-02-10,988413.7462079818,-0.0441456992010546,-0.0005575979048210167
2021-02-11,995991.6704979293,-0.03681740014464818,0.007666753238732227
2021-02-12,996455.5558046156,-0.03636879573462792,0.00046575219495004205
2021-02-16,1001918.7651217342,-0.03108555059364637,0.005482642236569468
2021-02-17,1000204.1126463306,-0.03274372051416585,-0.001711368760715093
2021-02-18,992942.7081491421,-0.03976592629095399,-0.007259922655163176
2021-02-19,1003486.7341310452,-0.02956923222310648,0.01061896713210908
2021-02-22,1011537.586570675,-0.0217835837949647,0.008022878794308408
2021-02-23,1013351.300530856,-0.020029615584881477,0.0017930267587287219
2021-02-24,1029091.4837168572,-0.004807931496185414,0.015532800103730482
2021-02-25,1019219.3528913085,-0.014354863379572036,-0.009593054632900722
2021-02-26,1014720.4131797667,-0.01870560302560631,-0.004414103498701416
2021-03-01,1024031.6469021087,-0.009701091672551954,0.009176156901351762
2021-03-02,1022215.5877580538,-0.011457327813550466,-0.0017734404493736644
2021-03-03,1027363.7208395493,-0.006478779947424962,0.0050362498313947235
2021-03-04,1028206.6383572927,-0.005663629067902187,0.0008204665014397428
2021-03-05,1030448.3344599466,-0.0034957769219496893,0.0021801999899897506
2021-03-08,1047787.1042898169,0.0,0.016826432971001504
2021-03-09,1024971.0656156994,-0.021775452838372233,-0.021775452838372233
2021-03-10,1027285.5600656949,-0.019566517034028452,0.002258107109204266
2021-03-11,1017174.0284951001,-0.029216885443027252,-0.009842960870537376
2021-03-12,1025560.2530575283,-0.02121313684935433,0.008244631034116656
2021-03-15,1018215.5383244263,-0.028222876426250765,-0.0071616608689787364
2021-03-16,1006853.8851415706,-0.03906635134242331,-0.011158396975116336
2021-03-17,1014125.3660403468,-0.032126505576994924,0.007221982261858884
2021-03-18,1012079.9833608182,-0.03407860316547873,-0.0020168933230757524
2021-03-19,1005464.5477902073,-0.04039232428642603,-0.006536475060640035
2021-03-22,997226.1580531738,-0.04825498045322196,-0.008193615334463722
2021-03-23,987516.6638452426,-0.05752164747763833,-0.00973650172483087
2021-03-24,993026.1032831088,-0.05226348060832908,0.005579085031753639
2021-03-25,999235.6143696173,-0.04633717071094079,0.006253119697436693
2021-03-26,1003901.115416552,-0.04188445218841519,0.0046690700169629284
2021-03-29,1005356.7540307894,-0.040495201826125315,0.0014499820668425478
2021-03-30,1005962.1663980577,-0.03991740089233864,0.0006021866017620336
2021-03-31,999622.7211377245,-0.04596771897163021,-0.006301872448177925
2021-04-01,997841.950462596,-0.04766727288657879,-0.0017814427758321427
2021-04-05,1004783.9880807515,-0.04104184526895149,0.006957051279450788
2021-04-06,1003264.5292597204,-0.04249200514857798,-0.0015122243577283534
2021-04-07,1006007.8043419378,-0.039873844387688706,0.0027343487208120187
2021-04-08,1008601.747990421,-0.03739820440523123,0.002578452808504883
2021-04-09,1015889.4435763414,-0.030442883466384685,0.0072255432835017785
2021-04-12,1016628.0916398226,-0.029737923402973876,0.0007270949296223073
2021-04-13,1016106.0714065646,-0.030236135521753305,-0.0005134820073838808
2021-04-14,1013108.8371797273,-0.033096672948264905,-0.0029497257335430183
2021-04-15,1022476.3464839575,-0.024156393700812795,0.009246301049260719
2021-04-16,1028532.5359745633,-0.018376412762117544,0.005923060725494089
2021-04-19,1025576.2695967712,-0.02119785078677794,-0.0028742565493963257
2021-04-20,1026895.6455107104,-0.01993864850366389,0.0012864727403043563
2021-04-21,1028059.6356091718,-0.018827745254620498,0.0011335037825410677
2021-04-22,1019085.7806214184,-0.027392323832666432,-0.008728924545740036
2021-04-23,1023791.8230332226,-0.02290091294152563,0.004617906069628974
2021-04-26,1018858.7983341012,-0.02760895399196872,-0.0048183865002028314
2021-04-27,1019816.1006758114,-0.0266953119574459,0.0009395829365907993
2021-04-28,1020340.7092305528,-0.0261946295644353,0.0005144148581237573
2021-04-29,1023970.9762055015,-0.022729930523870956,0.003557896830056251
2021-04-30,1016104.2082836726,-0.030237913671994243,-0.007682608301048277
2021-05-03,1018150.5125720149,-0.028284936507106062,0.002013872466682054
2021-05-04,1012766.3191824887,-0.03342356950562497,-0.005288209673366295
2021-05-05,1011613.3258014334,-0.03452397757166692,-0.0011384594444115992
2021-05-06,1019179.3374269647,-0.027303033932873588,0.0074791537760114934
2021-05-07,1021593.6014421859,-0.024998878818407233,0.0023688313985215093
2021-05-10,1022305.6257526623,-0.02431932826127481,0.0006969741289208908
2021-05-11,1007672.2068846233,-0.03828535132848698,-0.014314133170562737
2021-05-12,1004456.2238465996,-0.041354660947642397,-0.0031914972111480866
2021-05-13,1009162.9576735208,-0.03686259017520099,0.004685852618739883
2021-05-14,1011322.9616446206,-0.03480109890254035,0.002140391652978746
2021-05-17,1018806.8705296867,-0.027658513491414682,0.007400117636897852
2021-05-18,1013332.4382207139,-0.032883269824604544,-0.005373375923669044
2021-05-19,1009844.956564264,-0.03621169564906013,-0.0034415967799998892
2021-05-20,1005845.7266378241,-0.040028530109101124,-0.0039602415206847486
2021-05-21,1004974.8014050919,-0.04085973449133351,-0.0008658636306417833
2021-05-24,1004391.9801927834,-0.04141597459957902,-0.0005799361451587215
2021-05-25,998868.7960859566,-0.046687259275840054,-0.0054990324651603695
2021-05-26,1002973.1576207391,-0.04277008801272897,0.004109009662595531
2021-05-27,1006929.5985235601,-0.038994091069626036,0.00394471265034313
2021-05-28,1005450.8934966123,-0.04040535583981997,-0.0014685287125494328
2021-06-01,1007358.7891610622,-0.038584474807176306,0.0018975523089097557
2021-06-02,1009762.9079467993,-0.036290002222150064,0.0023865566187586396
2021-06-03,1015221.7398622104,-0.031080134785280822,0.005406053116479459
2021-06-04,1018091.1383819049,-0.02834160278011799,0.0028263761570788137
2021-06-07,1018958.6334493633,-0.027513672121392774,0.0008520799707942839
2021-06-08,1018412.3667997399,-0.028035024834541233,-0.0005361028717860705
2021-06-09,1014017.1312450132,-0.032229804037999465,-0.004315771978042893
2021-06-10,1014959.381828878,-0.03133052728606478,0.0009292255079633716
2021-06-11,1013068.677342032,-0.03313500119026269,-0.0018628375880807013
2021-06-14,1015407.151853184,-0.030903178998924474,0.002308307978968749
2021-06-15,1013205.7923948523,-0.03300413963235749,-0.002167957409315191
2021-06-16,1006894.0978805916,-0.039027972611804795,-0.006229429955529664
2021-06-17,1009779.6941933573,-0.03627398155679806,0.002865838938612697
2021-06-18,1003421.870466589,-0.04234183990391671,-0.006296248343404365
2021-06-21,1003550.543249038,-0.04221903558429663,0.0001282339823720502
2021-06-22,1005390.5222427556,-0.04046297370284724,0.0018334691820907079
2021-06-23,1004807.0992277779,-0.04101978816695839,-0.0005802949222917242
2021-06-24,1010690.650950961,-0.03540457139334574,0.0058554042141072404
2021-06-25,1008800.8423596505,-0.03720819026169542,-0.001869819008944451
2021-06-28,1010271.0336914819,-0.03580505089701702,0.0014573652896567868
2021-06-29,1012574.5195097746,-0.03360662164658834,0.0022800671715548226
2021-06-30,1013178.7007497145,-0.0330299956913096,0.0005966782970525664
2021-07-01,1018865.347147742,-0.027602703854308075,0.005612678586531361
2021-07-02,1024570.9859641352,-0.022157285798451887,0.00559999300434133
2021-07-06,1026013.2312797289,-0.02078081789797004,0.0014076577761341635
2021-07-07,1023116.2381952163,-0.023545685944782013,-0.0028235435920248575
2021-07-08,1019188.2041530277,-0.02729457159732207,-0.0038392842333512256
2021-07-09,1025076.2256691203,-0.021675088887536775,0.005777168036384062
2021-07-12,1025692.3304653218,-0.021087083181340338,0.0006010331532166902
2021-07-13,1028080.2971366148,-0.018808026050825766,0.002328151045264848
2021-07-14,1028983.80661459,-0.017945723514102285,0.0008788316248171668
2021-07-15,1020791.4177897727,-0.025764476762043853,-0.00796163046702425
2021-07-16,1016782.6705021431,-0.029590394518825835,-0.003927097365600374
2021-07-19,1011887.1772013493,-0.03426261588970436,-0.004814689945862427
2021-07-20,1004870.4635694644,-0.040959313723794244,-0.006934284562525539
2021-07-21,992111.1512786399,-0.05313670380483815,-0.01269746972709429
2021-07-22,997686.2404563442,-0.04781588132584502,0.005619419931445213
2021-07-23,1005649.212909525,-0.04021608130866683,0.00798143958519315
2021-07-26,1002076.9186497715,-0.04362545163316123,-0.003552226973278505
2021-07-27,999806.8991881685,-0.045791940848679435,-0.002265314587488687
2021-07-28,998639.713355921,-0.046905894081610944,-0.0011674112603096143
2021-07-29,998843.482781807,-0.04671141809975188,0.00020404698827891643
2021-07-30,1002914.6592954297,-0.042825918367072724,0.004075890350993205
2021-08-02,1004667.2329086994,-0.0411532755123416,0.0017474803035593123
2021-08-03,1013502.0735604349,-0.032721371153560996,0.008793797948557502
2021-08-04,1017145.5962200485,-0.02924402098891743,0.0035949829355690355
2021-08-05,1017652.2154999585,-0.028760507422243675,0.000498079411435981
2021-08-06,1014320.6864964201,-0.03194009322731661,-0.003273740235412048
2021-08-09,1018310.378095151,-0.028132362074302364,0.003933363138350021
2021-08-10,1022645.6183257286,-0.023994841949433132,0.004257287683433919
2021-08-11,1023208.8475579207,-0.023457300277192394,0.0005507569993936645
2021-08-12,1027473.100642248,-0.019387529741872078,0.004167529526845737
2021-08-13,1028682.0375552059,-0.018233729596777493,0.001176611740202338
2021-08-16,1028246.1644819614,-0.018649723524799655,-0.0004237199225139987
2021-08-17,1022248.2386855141,-0.02437409803932733,-0.005833161361189387
2021-08-18,1012170.4802777617,-0.03399223359996961,-0.009858425797545145
2021-08-19,1012781.1036377688,-0.033409459334561076,0.0006032811388052561
2021-08-20,1018693.7435139392,-0.027766481050171876,0.005838023492868327
2021-08-23,1011205.297817128,-0.03491339635973456,-0.007351027474636451
2021-08-24,1000144.2577021888,-0.045469968462648835,-0.010938471286509821
2021-08-25,997782.0427966382,-0.047724448304860334,-0.0023618741870075066
2021-08-26,998052.5730771074,-0.04746625627390144,0.0002711316388406271
2021-08-27,995263.9608848045,-0.050127686425967544,-0.0027940534071320133
2021-08-30,997509.813972223,-0.0479842614131728,0.0022565401498331195
2021-08-31,995381.3167062423,-0.050015682927396776,-0.002133810851950191
2021-09-01,996696.9301147154,-0.048760071550728035,0.0013217180053435307
2021-09-02,999337.47034093,-0.04623996015080345,0.002649291019598765
2021-09-03,1000273.0518691828,-0.045347048294547165,0.0009362017897054375
2021-09-07,999554.4448376815,-0.04603288135028849,-0.0007184108680710066
2021-09-08,995499.3506575488,-0.049903032226864874,-0.004056901753652031
2021-09-09,994144.3987752231,-0.05119618794216074,-0.0013610776154004967
2021-09-10,989259.0076699982,-0.0558587678548389,-0.004914166504628059
2021-09-13,986576.5745750249,-0.05841886148835562,-0.0027115579177704463
2021-09-14,986997.3940707707,-0.05801723457958485,0.00042654519333895635
2021-09-15,989060.303725388,-0.05604840938010358,0.00209008622212159
2021-09-16,989341.3084538153,-0.05578022061611054,0.00028411283656692987
2021-09-17,985460.1010220284,-0.05948441530976223,-0.003923021710124153
2021-09-20,976724.070164289,-0.06782201635674256,-0.008864925986023398
2021-09-21,981498.3423296277,-0.06326548751057526,0.004888045980617317
2021-09-22,979378.624758513,-0.06528852975115662,-0.0021596751412574777
2021-09-23,969406.5317188605,-0.07480581909249806,-0.010182061143218513
2021-09-24,975112.3447008231,-0.06936023481435416,0.005885882542843612
2021-09-27,981707.0729404173,-0.06306627661178188,0.006763044561411746
2021-09-28,981986.5002793452,-0.06279959329626505,0.00028463413031243334
2021-09-29,981654.5145724695,-0.06311643791624222,-0.0003380756321815781
2021-09-30,979001.6244242903,-0.06564833598725095,-0.002702468239892619
2021-10-01,984340.2335551496,-0.06055320825662491,0.005453115702436895
2021-10-04,994062.8459118885,-0.05127402137129977,0.009877288385971683
2021-10-05,990887.8675755543,-0.05430419641672202,-0.00319394125772976
2021-10-06,987744.6566570794,-0.05730405288146201,-0.0031721156564017416
2021-10-07,985394.924950495,-0.059546618854038,-0.002378885768450245
2021-10-08,992592.918281971,-0.052676909060888066,0.007304678712281465
2021-10-11,993998.7311979616,-0.051335211963992156,0.0014163035924372736
2021-10-12,997769.261103916,-0.04773664705465397,0.0037932944858090067
2021-10-13,991292.5076889053,-0.0539180109867865,-0.006491233662424989
2021-10-14,988963.1823192656,-0.05614110130742811,-0.0023497861141615894
2021-10-15,992152.1860104252,-0.05309754057061111,0.0032245929354832725
2021-10-18,993804.2277097019,-0.0515208446058365,0.0016651091662860384
2021-10-19,994947.0517757877,-0.050430142056237526,0.00114994888753861
2021-10-20,999570.7840471705,-0.04601728733369659,0.004647214405158806
2021-10-21,1003824.1213654929,-0.041957934721979395,0.004255163702465481
2021-10-22,1008963.5339376086,-0.03705291866378013,0.005119833706650256
2021-10-25,1013656.2834760132,-0.03257419438936249,0.004651059607764685
2021-10-26,1016992.9958205386,-0.029389661643288045,0.003291759148459361
2021-10-27,1006621.2690473335,-0.03928835836396871,-0.010198424980141452
2021-10-28,1020318.8478957681,-0.02621549385518218,0.01360748006188861
2021-10-29,1023444.6754456375,-0.023232227944510297,0.0030635791510820187
2021-11-01,1028931.817118949,-0.017995341891183014,0.005361444350592048
2021-11-02,1033162.4831601114,-0.013957626573022242,0.004111706889391664
2021-11-03,1039355.1485408079,-0.00804739408844335,0.0059938930048593075
2021-11-04,1046070.6976642644,-0.0016381253582195,0.0064612650766051605
2021-11-05,1048951.0084987925,0.0,0.002753457142963267
2021-11-08,1051520.458806677,0.0,0.0024495427213151455
2021-11-09,1054099.809706585,0.0,0.002452972624836125
2021-11-10,1042856.2271512449,-0.010666525552708195,-0.010666525552708195
2021-11-11,1047541.4415324131,-0.006221771518958419,0.004492675269309965
2021-11-12,1052813.9762396363,-0.001219840336852518,0.005033246894280641
2021-11-15,1054006.6770941797,-8.835274567720042e-05,0.0011328695111014753
2021-11-16,1052621.3474042132,-0.0014025828377517424,-0.0013143462181717247
2021-11-17,1054976.80288604,0.0,0.00223770445814675
2021-11-18,1062255.8117392296,0.0,0.006899686166820906
2021-11-19,1060524.917744723,-0.0016294511881019824,-0.0016294511881019824
2021-11-22,1059989.1822870038,-0.002133788704356099,-0.0005051606508769124
2021-11-23,1056973.9608405891,-0.004972296541256416,-0.0028445775643758386
2021-11-24,1055449.543593073,-0.006407372001112077,-0.001442246738324382
2021-11-26,1047559.0092344849,-0.013835464435522082,-0.007475993908459544
2021-11-29,1055494.112090221,-0.006365415537654462,0.007574850472179762
2021-11-30,1057720.020742702,-0.004269961102025932,0.0021088783224694208
2021-12-01,1066055.1480279604,0.0,0.007880277504254574
2021-12-02,1053248.4072649286,-0.012013206621366956,-0.012013206621366956
2021-12-03,1060118.7746373413,-0.005568542492009554,0.006523026595647741
2021-12-06,1045926.4832771987,-0.018881447913831395,-0.013387454028438994
2021-12-07,1038733.6030754613,-0.02562864126029485,-0.006877041854031596
2021-12-08,1035010.2328231209,-0.029121303210502658,-0.0035845285464111143
2021-12-09,1040286.0091491961,-0.024172425719657498,0.005097318034899878
2021-12-10,1047451.4105993356,-0.017451008480226293,0.006887914849493804
2021-12-13,1050742.4544695583,-0.01436388500794572,0.0031419537335288794
2021-12-14,1050052.9527452039,-0.015010663671910618,-0.0006562043071749457
2021-12-15,1056621.0777048797,-0.008849514343167275,0.006255041655284677
2021-12-16,1050751.592865336,-0.014355312847495472,-0.0055549571775465045
2021-12-17,1047182.194715578,-0.017703543149052425,-0.00339699523083703
2021-12-20,1050990.6065424609,-0.014131108989405172,0.003636818737084546
2021-12-21,1043250.1572933664,-0.02139194278718115,-0.007364908117075353
2021-12-22,1043181.3482933511,-0.021456488228514647,-6.595637636308549e-05
2021-12-23,1041022.0123956642,-0.023482026871314954,-0.0020699525554397358
2021-12-27,1044510.2026096969,-0.020209972681167976,0.0033507362692604126
2021-12-28,1043253.0096637964,-0.021389267155967007,-0.0012036195939105765
2021-12-29,1044485.5396438041,-0.020233107474840195,0.001181429594346417
2021-12-30,1042457.3804777722,-0.022135597388034278,-0.0019417781185592231
2021-12-31,1044089.0125099053,-0.020605064905590664,0.0015651786468098283
2022-01-03,1040959.48063027,-0.02354068402944598,-0.0029973803403142707
2022-01-04,1041554.0609998382,-0.022982945182006387,0.0005711849314329331
2022-01-05,1031627.3467843868,-0.032294578106263905,-0.009530675926626597
2022-01-06,1033831.7351805919,-0.03022677851795652,0.0021368068644906923
2022-01-07,1036935.6693003301,-0.027315171059862142,0.0030023591016927753
2022-01-10,1031060.9151452148,-0.032825912381249434,-0.005665495294495337
2022-01-11,1037489.025817577,-0.026796101743166267,0.0062344625598158565
2022-01-12,1038226.0801731984,-0.026104716914731485,0.0007104213512432178
2022-01-13,1039870.0327554597,-0.024562627290848238,0.0015834244714667545
2022-01-14,1047439.4119505844,-0.01746226366601422,0.007279158891681181
2022-01-18,1045338.7898931325,-0.01943272650870831,-0.0020054831176726795
2022-01-19,1038926.2279771037,-0.02544795182598303,-0.006134434097374686
2022-01-20,1038461.5908666415,-0.02588379898766291,-0.00044722820345666214
2022-01-21,1045305.6290679723,-0.01946383261538731,0.006590554972398355
2022-01-24,1038518.262896096,-0.025830638483199997,-0.006493188195999866
2022-01-25,1048745.505163705,-0.01623709889331304,0.009847917588939215
2022-01-26,1049230.865198853,-0.01578181284545166,0.0004628005867564067
2022-01-27,1048616.3523662114,-0.016358249096219968,-0.0005856793323795184
2022-01-28,1040945.2455861033,-0.02355403703861536,-0.00731545599379424
2022-01-31,1031189.8651843253,-0.032704952373365126,-0.009371655659261235
2022-02-01,1036999.691264526,-0.02725511603896158,0.0056340992831249714
2022-02-02,1039584.2115103027,-0.024830738415948628,0.002492305704185016
2022-02-03,1041541.5836370172,-0.02299464941967555,0.0018828413369906816
2022-02-04,1039641.262582762,-0.024777222354828488,-0.001824527300791301
2022-02-07,1044240.6613477023,-0.02046281256707183,0.00442402483479154
2022-02-08,1040196.4083127497,-0.024256474688992835,-0.00387291281085822
2022-02-09,1037963.5178172915,-0.02635101032309084,-0.002146604696588006
2022-02-10,1038710.1751277774,-0.025650617560233235,0.0007193483178060678
2022-02-11,1046523.4033050729,-0.018321514378518144,0.007522048367663681
2022-02-14,1043248.6311999004,-0.0213933743205017,-0.0031291914684662414
2022-02-15,1038577.652463023,-0.025774928825930465,-0.004477339914172762
2022-02-16,1040306.2736140004,-0.02415341688616346,0.0016644120416782204
2022-02-17,1041463.2445288411,-0.023068134462471912,0.0011121445137702857
2022-02-18,1039682.9719731435,-0.0247380973710426,-0.0017093954731959293
2022-02-22,1038119.9112869448,-0.026204307340658373,-0.0015034012562813448
2022-02-23,1046332.6204203306,-0.018500475931393923,0.007911137282016423
2022-02-24,1030277.7016308893,-0.03356059624425056,-0.015343991457507755
2022-02-25,1025952.727458739,-0.03761758539734539,-0.004197872248719037
2022-02-28,1031134.2775479924,-0.032757095676116066,0.005050476450399355
2022-03-01,1038965.2431190762,-0.025411354148982213,0.007594515808072577
2022-03-02,1034697.4769096347,-0.02941468007197634,-0.00410770835473695
2022-03-03,1038140.2030289756,-0.026185272920095315,0.0033272779688451326
2022-03-04,1051297.134349166,-0.013843574327364383,0.012673559199231965
2022-03-07,1071390.1538910796,0.0,0.019112598032860362
2022-03-08,1084522.3287054186,0.0,0.012257135989765855
2022-03-09,1049579.6728428043,-0.03221939736761792,-0.03221939736761792
2022-03-10,1057826.8061193698,-0.02461500503905245,0.00785755811583888
2022-03-11,1061673.1572091032,-0.021068419608833877,0.003636087748469574
2022-03-14,1058861.153812859,-0.023661269310324973,-0.002648652626422554
2022-03-15,1038237.4902073084,-0.042677626152114234,-0.019477212410037636
2022-03-16,1016658.9335094867,-0.06257445642169457,-0.020783835010150797
2022-03-17,1013172.1281445887,-0.06578951735000227,-0.0034296707086040046
2022-03-18,1008439.8312547063,-0.07015300232825183,-0.00467077287109019
2022-03-21,1014434.8939213363,-0.06462516531839868,0.0059448888082602735
2022-03-22,1010064.5824272383,-0.06865487625972588,-0.004308124178580175
2022-03-23,1011833.3849824101,-0.0670239254638274,0.0017511776830361203
2022-03-24,1011848.0449021489,-0.06701040806602865,1.4488472070972591e-05
2022-03-25,1013748.170047968,-0.06525836931539519,0.0018778759868067763
2022-03-28,1013069.9101076716,-0.06588376901657611,-0.0006690615680857714
2022-03-29,1007083.7095819368,-0.07140343455714682,-0.005908970808439662
2022-03-30,1008069.5162699968,-0.0704944567869642,0.0009788726385706603
2022-03-31,1005633.0292546096,-0.07274105600479264,-0.0024169831306897205
2022-04-01,1007078.6206013503,-0.07140812692765108,0.0014374939015400212
2022-04-04,1006955.6275728391,-0.0715215344852973,-0.0001221285270038841
2022-04-05,1008200.8542116331,-0.07037335467762063,0.001236625134908298
2022-04-06,1014981.6086262703,-0.06412105886483521,0.006725598759722784
2022-04-07,1020950.5565037924,-0.058617301386049925,0.0058808433835573215
2022-04-08,1023756.9548594038,-0.05602961989593125,0.0027488092716476675
2022-04-11,1017882.4835887149,-0.06144626380929474,-0.00573815029319702
2022-04-12,1018470.0105576708,-0.060904525798554654,0.0005772051080834562
2022-04-13,1019675.3485894396,-0.059793125876334896,0.001183479159203582
2022-04-14,1025351.1030452927,-0.05455971176799834,0.005566236806356484
2022-04-18,1020656.7901667535,-0.05888817302166627,-0.004578249211023566
2022-04-19,1017053.1644854449,-0.06221094986629816,-0.003530692898951693
2022-04-20,1021538.9412748973,-0.05807477242603554,0.004410562737614532
2022-04-21,1021833.8097461923,-0.05780288455107874,0.00028865122941557075
2022-04-22,1019813.1308001385,-0.05966608173251975,-0.001977502531997577
2022-04-25,1012338.6630834102,-0.06655802624937479,-0.007329252282586074
2022-04-26,1020577.7323354244,-0.05896106947500479,0.008138649201562043
2022-04-27,1026922.3131309618,-0.05311095405773081,0.006216656110082708
2022-04-28,1003914.7856480379,-0.0743253881675271,-0.022404350542132856
2022-04-29,1026171.1950129428,-0.05380353372911084,0.022169620054492967
2022-05-02,1015477.9504452422,-0.06366339948260347,-0.010420526925398299
2022-05-03,1008803.8989334777,-0.06981730829122268,-0.006572325385143296
2022-05-04,983240.9912284141,-0.09338796887464995,-0.025339818503962053
2022-05-05,1009222.0078193402,-0.06943178475261413,0.026423854195162022
2022-05-06,1017981.4757601592,-0.06135498660012695,0.0086794262044938
2022-05-09,1028722.7359882568,-0.05145084729031735,0.010551528179898018
2022-05-10,1031196.1039823724,-0.049170241415592675,0.002404309643005531
2022-05-11,1047450.3436001139,-0.0341827771767107,0.015762510695074727
2022-05-12,1052718.3412904874,-0.02932534127987496,0.005029353155078686
2022-05-13,1028948.0141589047,-0.05124312619072802,-0.022579949640132213
2022-05-16,1037136.1888920666,-0.0436930974670815,0.007957811882124188
2022-05-17,1015418.107944459,-0.0637185781536177,-0.020940433069651432
2022-05-18,1047956.5825627426,-0.033715991985452276,0.03204441043911688
2022-05-19,1051496.161692688,-0.030452270219418653,0.0033776009319865796
2022-05-20,1056002.9949721813,-0.026296677328239593,0.004286114817802389
2022-05-23,1036393.8574552053,-0.04437757524795616,-0.018569206347272327
2022-05-24,1045837.2959289072,-0.0356701118571614,0.009111824048137152
2022-05-25,1037849.7912803505,-0.04303510973423719,-0.007637425706320977
2022-05-26,1016428.305211763,-0.06278711068580634,-0.020640256661959455
2022-05-27,1000286.6216483836,-0.07767079093483142,-0.015880789112830196
2022-05-31,997787.1290895938,-0.07997548535433074,-0.002498776355391863
2022-06-01,999322.44315819,-0.07855982610236412,0.001538719055232951
2022-06-02,986003.1580697062,-0.0908410717124779,-0.013328315780030353
2022-06-03,997286.8099919321,-0.08043681204574049,0.011443829393321447
2022-06-06,996647.5284052851,-0.08102627117417549,-0.0006410207978707616
2022-06-07,999210.3194908174,-0.07866321140334398,0.002571411670114765
2022-06-08,1005683.948893302,-0.0726941047919456,0.0064787455415626916
2022-06-09,1003759.6753744711,-0.07446840991033621,-0.0019133978631641346
2022-06-10,1002898.0766345285,-0.07526285988811687,-0.0008583715415955151
2022-06-13,999962.0359060068,-0.07797008006312822,-0.0029275564455903957
2022-06-14,1003765.6821003951,-0.07446287131904583,0.0038037906018522083
2022-06-15,992324.2959610198,-0.08501257217493574,-0.011398463150716576
2022-06-16,1008003.6874854596,-0.07055515520026079,0.01580067281256592
2022-06-17,1002539.2836063077,-0.07559369035488006,-0.005421015763130033
2022-06-21,990318.3613040616,-0.08686217416455333,-0.01218996851503451
2022-06-22,993105.5349471738,-0.08429221910752904,0.002814421858685856
2022-06-23,988115.4584583942,-0.0888933936123788,-0.005024719239979936
2022-06-24,958567.4020203676,-0.11613862006456055,-0.029903445174439325
2022-06-27,960119.1617339719,-0.11470779686015808,0.0016188321346350953
2022-06-28,968673.5069084029,-0.10682013521593703,0.008909670294447558
2022-06-29,974618.014236596,-0.101338913510443,0.006136750190645079
2022-06-30,982043.4331017998,-0.0944921952192046,0.007618799115897801
2022-07-01,982591.5815514217,-0.09398676675995277,0.0005581712897264612
2022-07-05,982236.3032161595,-0.09431435645161568,-0.00036157274490511426
2022-07-06,985131.1460614263,-0.09164512339975006,0.0029471959403131187
2022-07-07,966748.3774981975,-0.10859522952174394,-0.018660224719037055
2022-07-08,968183.0690255641,-0.10727235078573927,0.001484038205556093
2022-07-11,980920.0849248735,-0.09552799517204391,0.013155586279905318
2022-07-12,981978.0333911745,-0.09455249799849674,0.0010785266634458779
2022-07-13,981847.4432281632,-0.09467291060739824,-0.00013298684753704215
2022-07-14,990372.0586282109,-0.08681266174537294,0.008682219889497356
2022-07-15,981742.1131367171,-0.09477003179029886,-0.008713841849948167
2022-07-18,976402.3159042209,-0.09969367152657826,-0.005439103773836607
2022-07-19,969229.6054483347,-0.10630737625725739,-0.007346060470210691
2022-07-20,967127.5529418074,-0.10824560514465753,-0.00216878693625433
2022-07-21,966137.5113310897,-0.10915848778848425,-0.0010236929014236784
2022-07-22,967887.0826811873,-0.10754526941225584,0.0018108926830582295
2022-07-25,967107.8139880482,-0.1082638057415809,-0.0008051235594346284
2022-07-26,966644.6876597244,-0.10869083828490966,-0.00047887766144094623
2022-07-27,964901.9746470291,-0.11029773282877353,-0.0018028475560285528
2022-07-28,963313.3625691544,-0.111762536305684,-0.0016463973746719818
2022-07-29,963262.236193225,-0.11180967814368592,-5.30734628169105e-05
2022-08-01,963419.2717767211,-0.11166488114012074,0.00016302474818985502
2022-08-02,962444.119290554,-0.11256403504443102,-0.0010121787208686728
2022-08-03,962998.5888645286,-0.11205277809812497,0.0005761057321262975
2022-08-04,962472.6523258324,-0.1125377257333885,-0.0005461446618694188
2022-08-05,961856.0637180442,-0.11310626046196737,-0.0006406297428797059
2022-08-08,961221.9090549583,-0.11369099223401202,-0.0006593030776711473
2022-08-09,961994.0087101096,-0.11297906622316356,0.0008032480823396693
2022-08-10,962263.7860431179,-0.1127303140067566,0.00028043556463508423
2022-08-11,961431.0861529812,-0.11349811736874982,-0.000865355115940547
2022-08-12,962091.845178555,-0.11288885464719511,0.0006872661338814812
2022-08-15,963000.1148013576,-0.11205137108529672,0.0009440570849388319
2022-08-16,963580.1393374904,-0.11151655080471734,0.0006023099345657812
2022-08-17,963696.478216541,-0.11140927880489648,0.00012073606989293495
2022-08-18,963223.9131759526,-0.11184501445374428,-0.0004903670930321846
2022-08-19,963360.2669357182,-0.11171928743443216,0.00014155977431662414
2022-08-22,962566.6554668933,-0.11245104873414857,-0.0008237951014413714
2022-08-23,962000.8033016712,-0.11297280116860287,-0.000587857642905476
2022-08-24,962386.4752224475,-0.1126171866177833,0.0004009060277836429
2022-08-25,961725.5339153797,-0.11322661741471018,-0.0006867732704941565
2022-08-26,960978.0334976785,-0.11391586133151677,-0.0007772492164764833
2022-08-29,961225.6053360574,-0.1136875840228565,0.00025762486732161527
2022-08-30,961441.3390488056,-0.11348866353312737,0.0002244360861287653
2022-08-31,962575.6027834583,-0.1124427987273684,0.0011797534478545924
2022-09-01,961574.1958526255,-0.11336616093423801,-0.00104034106821016
2022-09-02,963910.6004572617,-0.11121184419700214,0.0024297704895923644
2022-09-06,966045.554656099,-0.10924327781314014,0.002214888183431629
2022-09-07,962778.3090468155,-0.11225589039178885,-0.0033820823392189947
2022-09-08,960977.2326412903,-0.11391659977310253,-0.0018707072942973912
2022-09-09,955471.38083995,-0.11899335260299815,-0.0057294300159507205
2022-09-12,953761.1754747691,-0.12057027298528522,-0.00178990747339558
2022-09-13,961023.3503261866,-0.11387407627342372,0.007614248763903042
2022-09-14,960958.64744625,-0.11393373652957905,-6.732706329637406e-05
2022-09-15,965510.8175056104,-0.10973634018385847,0.004737113372628388
2022-09-16,965483.3143308286,-0.10976169989665907,-2.848562054735826e-05
2022-09-19,963755.4184229095,-0.11135493210791447,-0.001789669362765478
2022-09-20,966492.5556623656,-0.10883111386368938,0.0028400745532879412
2022-09-21,969931.5378404806,-0.10566014901853027,0.003558208656618156
2022-09-22,969031.6192215922,-0.10648993241262839,-0.0009278166383701603
2022-09-23,975899.5336417129,-0.10015726941589809,0.007087399713166853
2022-09-26,983951.0163222168,-0.09273327963957423,0.008250319221343005
2022-09-27,986624.7033590324,-0.090267966601707,0.0027172968902549055
2022-09-28,973049.578074641,-0.10278511348294816,-0.013759158105583591
2022-09-29,987217.7875697594,-0.08972110445324855,0.014560624468028527
2022-09-30,1000010.166028521,-0.07792570096530771,0.012958010501667117
2022-10-03,975229.3755011361,-0.1007751987317258,-0.02478053860772267
2022-10-04,949886.5679520853,-0.12414291268124134,-0.025986509620906317
2022-10-05,948963.6845269554,-0.124993871117691,-0.0009715722447992681
2022-10-06,955991.1989594717,-0.11851404654745379,0.007405461923466028
2022-10-07,972181.4101254307,-0.10358562069818145,0.016935523238687633
2022-10-10,977980.7256937227,-0.09823827522193418,0.005965260709463571
2022-10-11,983758.2961594858,-0.09291098014202592,0.00590765269086968
2022-10-12,981386.7141289118,-0.09509773274988131,-0.0024107364988253943
2022-10-13,961576.9371428197,-0.11336363328669985,-0.02018549538208847
2022-10-14,975630.626379291,-0.10040521937073477,0.014615251982051047
2022-10-17,956415.5903114438,-0.1181227301672012,-0.019694990653539635
2022-10-18,950404.7562118082,-0.12366510946225051,-0.006284751273950118
2022-10-19,951168.5873817906,-0.12296080753156158,0.0008036903908466009
2022-10-20,955455.4708386294,-0.11900802265717736,0.004506964920528933
2022-10-21,950216.8505279996,-0.12383837070255432,-0.005482851342126671
2022-10-24,948258.6018977074,-0.12564400307955625,-0.0020608439317867377
2022-10-25,939032.9177151625,-0.1341506828761424,-0.009729080404946466
2022-10-26,943143.7263793903,-0.13036025039225352,0.004377704536950855
2022-10-27,947350.9793308974,-0.12648089001381924,0.004460882083856088
2022-10-28,943909.180095541,-0.12965445236865325,-0.003633077191504297
2022-10-31,946722.8444566369,-0.12706007114973028,0.0029808634351993213
2022-11-01,945312.9994274094,-0.1283600398012844,-0.0014891845459129582
2022-11-02,945725.7206800225,-0.12797948401032555,0.0004365974580515797
2022-11-03,950716.2271568794,-0.1233779130285515,0.005276906789918323
2022-11-04,948265.574460158,-0.1256375739242812,-0.0025776910362096395
2022-11-07,949839.3145082783,-0.12418648342437533,0.00165959841895158
2022-11-08,951191.0274039662,-0.12294011637419067,0.0014230963859267476
2022-11-09,943624.7561251846,-0.1299167097356324,-0.007954523393089441
2022-11-10,944908.3303109903,-0.12873317099988513,0.001360259125753105
2022-11-11,939917.5018092962,-0.13333503890946674,-0.005281812363799876
2022-11-14,940743.2314067399,-0.1325736626098848,0.0008785128437913681
2022-11-15,938803.8713451708,-0.13436187850017822,-0.002061519016904434
2022-11-16,936879.322572401,-0.13613643742057135,-0.002050000891040349
2022-11-17,938001.0898456341,-0.13510209516357785,0.0011973444671113942
2022-11-18,941986.5172595278,-0.13142727233291185,0.0042488515813448036
2022-11-21,942059.587544473,-0.1313598967860825,7.757041486944338e-05
2022-11-22,947247.9874468168,-0.1265758552177202,0.005507507137491707
2022-11-23,951169.5389192773,-0.12295993015222006,0.004139941730602725
2022-11-25,953980.0439113551,-0.12036846207665486,0.0029547886860119554
2022-11-28,945254.2290788604,-0.12841422987832896,-0.009146747762897145
2022-11-29,948573.2884597825,-0.12535384163820484,0.003511287523311646
2022-11-30,952953.8571254639,-0.12131467291872766,0.004618060321721851
2022-12-01,949420.4451953236,-0.12457270812613386,-0.0037078520683033744
2022-12-02,952792.9642367708,-0.12146302660812125,0.0035521870826715762
2022-12-05,940283.2699369956,-0.13299777694812376,-0.01312949903003957
2022-12-06,934867.9534998534,-0.13799105029419345,-0.005759239380601855
2022-12-07,937380.5211638707,-0.13567429977876933,0.002687617705378731
2022-12-08,940848.8444804448,-0.13247628049896876,0.0037000164162444005
2022-12-09,937415.3039740819,-0.13564222776947032,-0.003649407156639528
2022-12-12,941571.1065310735,-0.13181030799521143,0.004433256571952038
2022-12-13,941553.9577155473,-0.13182612031651852,-1.821297978155112e-05
2022-12-14,944794.0367213674,-0.12883855711006265,0.0034412037454352173
2022-12-15,932147.5976633123,-0.1404993949953932,-0.013385392547502595
2022-12-16,930999.4035288296,-0.1415581045342308,-0.001231772883780513
2022-12-19,929393.9115655511,-0.1430384723614151,-0.001724482268402161
2022-12-20,932880.6885839738,-0.13982343757039806,0.0037516675922153464
2022-12-21,932144.7136656083,-0.1405020542285207,-0.0007889271665411091
2022-12-22,932262.5956629345,-0.14039335937346242,0.00012646319353426527
2022-12-23,933189.5593355724,-0.13953863868389904,0.000994316061751599
2022-12-27,939262.9043135702,-0.13393862030046244,0.006508157873435838
2022-12-28,938581.0107226431,-0.1345673704634407,-0.0007259879931332813
2022-12-29,933101.6343938835,-0.1396197111886891,-0.005837936487273376
2022-12-30,932377.8108436592,-0.14028712349645445,-0.0007757178034464296
2023-01-03,933013.8811031125,-0.13970062542018846,0.0006822022704269237
2023-01-04,931543.3993586907,-0.14105650506000833,-0.0015760555916737307
2023-01-05,934985.4252442023,-0.13788273371901594,0.003694971042552675
2023-01-06,939081.0641434744,-0.13410628874331765,0.004380430741155683
2023-01-09,927678.9245407985,-0.1446198017442778,-0.012141805471368672
2023-01-10,933563.3503123729,-0.13919397913479903,0.006343170698296374
2023-01-11,934290.7160762901,-0.13852330067602958,0.0007791284476557081
2023-01-12,941486.5505298632,-0.13188827411815074,0.007701922249418569
2023-01-13,945716.306695925,-0.12798816431486915,0.00449263578293424
2023-01-17,943665.0385447183,-0.12987956672947432,-0.002169010026244811
2023-01-18,935160.4874288823,-0.13772131501877682,-0.009012256222770909
2023-01-19,930122.5070584377,-0.14236666001269538,-0.0053872896023398065
2023-01-20,940595.1330277448,-0.13271021893064938,0.011259404959920172
2023-01-23,952727.8575668539,-0.1215230591848544,0.01289898715513682
2023-01-24,951540.4229700965,-0.12261795097760786,-0.0012463523421997191
2023-01-25,951128.2295074958,-0.12299802011190841,-0.00043318544609394216
2023-01-26,960633.7049439139,-0.1142333546137212,0.009993894767838185
2023-01-27,961534.5721431887,-0.11340269656691992,0.0009377842924296331
2023-01-30,952859.4342359148,-0.12140173695332601,-0.009022179918021678
2023-01-31,954525.698438804,-0.11986533317556503,0.0017486988563275574
2023-02-01,966374.135681719,-0.10894030477429784,0.012412905448532241
2023-02-02,984583.7508725635,-0.09214985730367642,0.018843235263119595
2023-02-03,972303.7091521668,-0.10347285305523013,-0.012472318083163292
2023-02-06,966354.5715544472,-0.10895834416984929,-0.006118600126402085
2023-02-07,973347.2609108357,-0.10251063058083021,0.007236152818256292
2023-02-08,966194.5214269224,-0.10910592077872916,-0.007348599796972666
2023-02-09,962963.2888209883,-0.11208532703013496,-0.0033442878574411194
2023-02-10,951159.5214019042,-0.12296916695362836,-0.012257754325750159
2023-02-13,959051.1375890626,-0.11569258446354858,0.008296837711856186
2023-02-14,962090.5376567004,-0.11289006026723636,0.003169174143600406
2023-02-15,966515.358801758,-0.10881008788866897,0.004599173333348583
2023-02-16,960315.6096558868,-0.114526659121713,-0.006414537637102202
2023-02-17,956392.7416596012,-0.11814379810765552,-0.004084977851907756
2023-02-21,942492.9682036677,-0.13096029168093726,-0.014533541348101031
2023-02-22,943255.0740734293,-0.13025758058906756,0.0008086064251642266
2023-02-23,944261.62081049,-0.12932947914715243,0.001067099202248567
2023-02-24,946027.6965997473,-0.1277010426064632,0.0018703246540312524
2023-02-27,947748.8612807065,-0.1261140170234918,0.0018193597155193864
2023-02-28,949211.5996716302,-0.12476527725833664,0.001543381850068526
2023-03-01,945016.4325519449,-0.12863349371515498,-0.004419633221019015
2023-03-02,942587.1454359862,-0.1308734541582548,-0.0025706294962496434
2023-03-03,941686.235065757,-0.131704152011479,-0.0009557846980955409
2023-03-06,939991.6230748021,-0.13326669429032512,-0.0017995505592545147
2023-03-07,939358.5877068139,-0.13385039399961907,-0.0006734478823517964
2023-03-08,938533.4243939725,-0.1346112481480315,-0.0008784327131727832
2023-03-09,954327.1708187015,-0.12004838853076405,0.01682811289851216
2023-03-10,956048.2712368856,-0.11846142220224365,0.0018034699952087507
2023-03-13,959504.1445864232,-0.11527488260036856,0.0036147477627532787
2023-03-14,948350.7825929363,-0.12555900649369633,-0.011624089438711405
2023-03-15,957711.480308591,-0.11692783545378926,0.009870501387747144
2023-03-16,950423.739821366,-0.1236476053417217,-0.00760953652229035
2023-03-17,959126.9798564048,-0.11562265296897734,0.009157220795720677
2023-03-20,950743.7445698789,-0.12335254018718966,-0.008740485319035707
2023-03-21,936426.3340116962,-0.1365541222839578,-0.015059168824360758
2023-03-22,942538.550359417,-0.13091826197390144,0.00652717264105096
2023-03-23,946169.0062899806,-0.1275707458974945,0.0038517850852670676
2023-03-24,947059.3707906916,-0.12674977202065996,0.0009410205732718335
2023-03-27,933919.9204810637,-0.13886519828884225,-0.013873945725976888
2023-03-28,933315.422882418,-0.1394225843219793,-0.0006472691987705614
2023-03-29,933427.8612388176,-0.13931890885728537,0.00012047197940034948
2023-03-30,936415.0948598528,-0.13656448551166267,0.0032002833267379405
2023-03-31,943621.7442281974,-0.12991948690020294,0.007695998716704899
2023-04-03,942516.8899410651,-0.130938234285931,-0.0011708656502357195
2023-04-04,944669.4507278535,-0.1289534334848651,0.002283843196616786
2023-04-05,940829.031214382,-0.13249454961666074,-0.0040653580048687354
2023-04-06,944045.4913241845,-0.1295287645657971,0.003418750913384061
2023-04-10,939335.1069086539,-0.13387204482002046,-0.004989573552142579
2023-04-11,932674.4623406072,-0.14001359155608206,-0.007090807656456977
2023-04-12,927828.9203923087,-0.14448149583066028,-0.0051953196361120835
2023-04-13,940610.1485399711,-0.13269637365349018,0.013775414698496524
2023-04-14,934696.3433364884,-0.13814928600665677,-0.006287201145620425
2023-04-17,934193.3316712365,-0.1386130954202004,-0.0005381551654051187
2023-04-18,935891.599636364,-0.1370471820958019,0.0018178977600806778
2023-04-19,932748.2065715543,-0.13994559458728273,-0.003358714904622584
2023-04-20,929186.7049276502,-0.14322953033451213,-0.0038182883856672234
2023-04-21,929182.0426184825,-0.1432338292862665,-5.01762363036562e-06
2023-04-24,929072.849717141,-0.14333451223068483,-0.00011751507921287097
2023-04-25,918059.876478257,-0.15348918857748728,-0.011853724110264308
2023-04-26,913788.096684009,-0.15742804689435308,-0.004653051400781094
2023-04-27,923635.2328482616,-0.14834834802267838,0.010776170317808198
2023-04-28,924369.9068527767,-0.147670930891588,0.0007954157424783226
2023-05-01,921164.5927416863,-0.15062643860798197,-0.0034675664875369883
2023-05-02,916347.4716798,-0.15506813698005373,-0.005229381480620132
2023-05-03,924168.8613840796,-0.14785630786666337,0.008535397265779343
2023-05-04,924251.6584079472,-0.1477799636350361,8.959079593262587e-05
2023-05-05,922209.4576617222,-0.14966300531354426,-0.0022095721740361673
2023-05-08,920603.5926020085,-0.1511437171598652,-0.0017413235641557945
2023-05-09,917393.1650664103,-0.15410393978564585,-0.0034873071986653015
2023-05-10,922180.7534652743,-0.1496894724462976,0.0052186876697706275
2023-05-11,920679.2139422831,-0.1510739893743941,-0.0016282486024014053
2023-05-12,921695.2974209173,-0.1501370944375724,0.0011036237847528163
2023-05-15,923138.1830860977,-0.14880666017449662,0.001565469270829345
2023-05-16,935741.1714823615,-0.13718588662038467,0.013652331392177253
2023-05-17,936205.1963250963,-0.13675802558843275,0.0004958901637295288
2023-05-18,947542.5679511834,-0.12630423286696768,0.012109921703692628
2023-05-19,947914.0664196513,-0.12596168715939215,0.00039206520216938934
2023-05-22,948691.9480223467,-0.12524442981751327,0.0008206246011661644
2023-05-23,943846.8726880987,-0.12971190384364195,-0.005107111264460618
2023-05-24,948599.7231376215,-0.12532946714895787,0.005035616037998514
2023-05-25,960301.6755536522,-0.11453950726864892,0.012336027652764647
2023-05-26,967329.0193252525,-0.1080598400588565,0.0073178501615638325
2023-05-30,967751.1202601875,-0.10767063559181811,0.000436357150982003
2023-05-31,966143.4002581184,-0.1091530578154234,-0.0016612949015619716
2023-06-01,964578.871503136,-0.11059565490501033,-0.0016193545953575583
2023-06-02,955982.9585294734,-0.11852164475892457,-0.008911570870578256
2023-06-05,954537.8749329764,-0.11985410565737553,-0.001511620666041824
2023-06-06,960158.6602931746,-0.11467137662411753,0.00588848856373847
2023-06-07,957133.9229887379,-0.11746038080077403,-0.0031502473804829734
2023-06-08,961624.822636966,-0.11331947975211709,0.004692028503393564
2023-06-09,966197.4244250288,-0.10910324402599691,0.004755078779605348
2023-06-12,975612.372394394,-0.10042205072995514,0.009744331470318057
2023-06-13,980401.0736301988,-0.09600655728269614,0.004908405603807786
2023-06-14,979522.6467352227,-0.09681652391199069,-0.0008959872837792648
2023-06-15,988575.309091176,-0.08846938147301531,0.009241912258104668
2023-06-16,983883.6773073494,-0.09279537058328746,-0.004745851672281587
2023-06-20,976763.3720732994,-0.09936075429700908,-0.0072369380631830404
2023-06-21,963375.2576221533,-0.11170546504826429,-0.013706609844232998
2023-06-22,964897.5214496214,-0.1103018389659085,0.0015801358976412772
2023-06-23,958115.8466376152,-0.11655498344482529,-0.007028388674703678
2023-06-26,955909.9729057896,-0.11858894224257421,-0.0023023037762780474
2023-06-27,963015.9670742588,-0.11203675426046833,0.007433748333923518
2023-06-28,962161.4884872041,-0.11282463899500828,-0.0008872943089933694
2023-06-29,963234.2860259954,-0.11183545001254458,0.001114986986725075
2023-06-30,971415.4105424075,-0.10429192204647875,0.008493390066257822
2023-07-03,972395.5671729236,-0.10338815399618317,0.0010089984365893034
2023-07-05,970594.5393876086,-0.10504881854650627,-0.0018521554870423174
2023-07-06,964461.5889310379,-0.11070379705109046,-0.006318756398980274
2023-07-07,960574.5348965002,-0.1142879132390695,-0.004030283921255928
2023-07-10,966231.2433163,-0.10907206081254339,0.005888880263111851
2023-07-11,969545.1515032144,-0.10601642230773722,0.0034297257616513477
2023-07-12,973736.6042121359,-0.1021516307788023,0.004323112443420429
2023-07-13,977667.6101501522,-0.0985269880822256,0.004037032110133065
2023-07-14,970673.9054504292,-0.10497563788372066,-0.0071534585242615245
2023-07-17,974537.7246293289,-0.10141294574116977,0.003980553260167108
2023-07-18,974211.8400227895,-0.10171343250655374,-0.000334399170297206
2023-07-19,979235.333926619,-0.0970814449753925,0.005156469771206984
2023-07-20,973329.5822090568,-0.10252693149166536,-0.006030983067043527
2023-07-21,971509.8284897206,-0.1042048625689429,-0.001869617190927375
2023-07-24,980326.8695877745,-0.09607497822753086,0.009075606689188831
2023-07-25,982836.062946197,-0.09376133904094286,0.0025595476736015588
2023-07-26,978666.6414899365,-0.09760581632453869,-0.004242234909209608
2023-07-27,968343.3176880203,-0.1071245911147628,-0.010548355654791508
2023-07-28,976471.7200594269,-0.09962967638939302,0.008394132765653373
2023-07-31,976136.6017693288,-0.09993867721051775,-0.0003431930318245069
2023-08-01,972946.880875681,-0.10287980696803534,-0.0032676993034235213
2023-08-02,961865.2402348461,-0.11309779911768791,-0.011389769430023788
2023-08-03,959800.508062423,-0.11500161623401028,-0.002146591940383469
2023-08-04,956716.35652864,-0.11784540418761047,-0.00321332558992804
2023-08-07,963630.0016454536,-0.1114705745194502,0.007226431396970323
2023-08-08,959952.9178779986,-0.11486108448879706,-0.003815866838077109
2023-08-09,960882.923348973,-0.11400355906367776,0.0009688032127974644
2023-08-10,964204.703405231,-0.11094066218425336,0.0034570081073774794
2023-08-11,969448.9688928516,-0.10610510891917613,0.0054389544762638575
2023-08-14,965102.5079601445,-0.11011282809439626,-0.004483434478940063
2023-08-15,967170.4252315885,-0.10820607410998317,0.002142691842978106
2023-08-16,969939.1170451364,-0.10565316049975548,0.0028626721220150753
2023-08-17,973672.4258878751,-0.10221080736056742,0.0038490135897519817
2023-08-18,972627.9983033665,-0.10317383740325481,-0.0010726683397204173
2023-08-21,964015.1930393659,-0.11111540304559764,-0.008855189526750795
2023-08-22,968472.7446165293,-0.10700525108359582,0.004623943283621479
2023-08-23,959127.6096902118,-0.11562207222131515,-0.009649352527744792
2023-08-24,963875.3903743587,-0.11124431017946368,0.004950103235668912
2023-08-25,958392.2374102697,-0.11630013320768506,-0.005688653345490513
2023-08-28,951688.0457307426,-0.12248183320784067,-0.006995248310485924
2023-08-29,943522.0831345613,-0.1300113808990615,-0.008580503488316071
2023-08-30,941475.0042954511,-0.13189892049592133,-0.0021696141253094714
2023-08-31,942749.4586575867,-0.1307237908297052,0.0013536783837286848
2023-09-01,942035.3915909065,-0.13138220702620018,-0.0007574303651119996
2023-09-05,944954.2031478412,-0.12869087326600115,0.0030984096595407795
2023-09-06,945754.4705817143,-0.12795297473436984,0.0008468848873388612
2023-09-07,948296.3828916774,-0.12560916655017373,0.002687708479347295
2023-09-08,949212.682574818,-0.12476427875128959,0.0009662587558822988
2023-09-11,949693.0008480048,-0.1243213941186051,0.00050601754696733
2023-09-12,940933.0520269838,-0.1323986356738599,-0.009223979552549166
2023-09-13,943290.9909416266,-0.13022446290467637,0.0025059582183484252
2023-09-14,943239.1353923895,-0.13027227708780986,-5.497301440915425e-05
2023-09-15,937341.0090503445,-0.1357107325127761,-0.006253055159327503
2023-09-18,939098.3224149117,-0.13409037549655412,0.001874785534399681
2023-09-19,937619.6592817651,-0.1354537989079575,-0.0015745562502381683
2023-09-20,932566.7411760513,-0.14011291746363108,-0.005389091467626006
2023-09-21,927549.8091596673,-0.14473885450853508,-0.005379702915479401
2023-09-22,929525.7933250816,-0.14291686881666565,0.0021303267446137752
2023-09-25,928578.2287247397,-0.14379058489909335,-0.0010194064620329124
2023-09-26,933381.1594617139,-0.1393619709279017,0.005172349069146431
2023-09-27,934560.8841598546,-0.13827418816224024,0.0012639259815583337
2023-09-28,931165.5141653456,-0.14140493974258073,-0.0036331180258645235
2023-09-29,931223.7541484014,-0.1413512386969551,6.254525341620187e-05
2023-10-02,934961.7548167511,-0.1379045593899355,0.004014073579736044
2023-10-03,947192.2317517692,-0.12662726558850912,0.013081259069698703
2023-10-04,945538.3060196463,-0.1281522924951447,-0.0017461352370511385
2023-10-05,948033.1121302628,-0.1258519192851303,0.0026385034796936324
2023-10-06,933648.2513340346,-0.13911569488060294,-0.015173373811706692
2023-10-09,926297.1945435164,-0.14589384651100146,-0.007873475669252006
2023-10-10,921556.2791629543,-0.1502652782972158,-0.005118136391310535
2023-10-11,921826.5488178532,-0.15001607212806156,0.00029327525731193127
2023-10-12,927868.8539186992,-0.14444467452663223,0.006554709352420529
2023-10-13,923643.4148129717,-0.14834080371999914,-0.0045539184636730345
2023-10-16,920957.4742843675,-0.15081741527285708,-0.00290798427783745
2023-10-17,917464.4937571912,-0.1540381701017095,-0.0037927707030017688
2023-10-18,925567.1635125341,-0.1465669825190482,0.008831589462564349
2023-10-19,921010.2313783104,-0.15076876980697185,-0.004923394340104026
2023-10-20,920947.6932473935,-0.15082643402398388,-6.790166795789254e-05
2023-10-23,919556.118091998,-0.15210955666568782,-0.0015110251815589892
2023-10-24,915355.2274014105,-0.15598305062648266,-0.004568389691435137
2023-10-25,920822.0805712729,-0.1509422570668073,0.005972384279032461
2023-10-26,925085.9521831974,-0.14701069060748484,0.004630505395004425
2023-10-27,931024.1831836785,-0.1415352560836336,0.006419112717544806
2023-10-30,920790.5116901483,-0.15097136562482316,-0.010991842831123644
2023-10-31,914800.9293610362,-0.15649414940767226,-0.006504826291180987
2023-11-01,904935.4197753696,-0.16559078976679054,-0.010784323964949771
2023-11-02,893412.7623828831,-0.1762154279946091,-0.01273312674107363
2023-11-03,888373.9808047069,-0.18086151175407483,-0.005639925676388269
2023-11-06,890113.9178626413,-0.17925717682073028,0.001958563730511731
2023-11-07,896395.6222340507,-0.17346503754877285,0.007057191495772885
2023-11-08,895671.5480033205,-0.17413268100024004,-0.0008077618997353042
2023-11-09,895587.5397977097,-0.1742101420200709,-9.379354049821043e-05
2023-11-10,904000.8878239853,-0.16645248890073072,0.009394221840308248
2023-11-13,902019.8782986862,-0.16827910830068693,-0.002191380066083326
2023-11-14,910383.8951606778,-0.16056694171765717,0.009272541618225771
2023-11-15,911742.833945378,-0.1593139119286603,0.0014927096051717825
2023-11-16,914821.5463780465,-0.1564751391794228,0.0033767333485321682
2023-11-17,914409.6156788813,-0.1568549660287759,-0.0004502853051462363
2023-11-20,922814.7917556372,-0.14910484797745915,0.009191915671748152
2023-11-21,919874.1992538007,-0.15181626518299207,-0.003186546778516708
2023-11-22,925352.9366882053,-0.14676451355981934,0.005955963803364606
2023-11-24,927235.6834327223,-0.14502849882348434,0.0020346255681158443
2023-11-27,925378.7587921539,-0.14674070390347105,-0.002002645793024227
2023-11-28,926269.7497757963,-0.145919152368699,0.0009628392430418575
2023-11-29,928346.8510491267,-0.14400393013827273,0.002242436691723082
2023-11-30,934203.6543496089,-0.13860357724053807,0.006308852444389057
2023-12-01,946164.2006650383,-0.12757517699569798,0.012802932486660312
2023-12-04,944107.094484614,-0.12947196245227766,-0.002174153470379081
2023-12-05,940523.1514548403,-0.13277659061429226,-0.003796119159267808
2023-12-06,940527.5713503466,-0.1327725151836725,4.699401072061349e-06
2023-12-07,948445.8232895405,-0.12547137280088183,0.00841894717432412
2023-12-08,951964.898569828,-0.12222655691545126,0.0037103598264391913
2023-12-11,960851.6453112174,-0.11403239944522436,0.00933516220476216
2023-12-12,965555.4517859032,-0.10969518447953464,0.004895455503083568
2023-12-13,981799.0129491776,-0.09471756646897311,0.016823022575482405
2023-12-14,989974.0542031263,-0.08717964766585617,0.008326593473945376
2023-12-15,995651.2642376818,-0.08194489141945205,0.005734705884918645
2023-12-18,997366.0276974349,-0.08036376817803392,0.0017222530833282956
2023-12-19,1006049.3685171723,-0.07235716417375981,0.008706272901418233
2023-12-20,993115.2149289411,-0.08428329353586395,-0.012856380604159612
2023-12-21,1003742.9645209921,-0.07448381840220097,0.01070142661424378
2023-12-22,1004944.87155026,-0.07337558208704587,0.0011974251095661081
2023-12-26,1011139.2764345984,-0.067663938610113,0.0061639250666383205
2023-12-27,1014666.2447776847,-0.06441184480832252,0.003488113284969785
2023-12-28,1013262.5392171271,-0.06570615247115608,-0.00138341604225245
2023-12-29,1010587.2812357658,-0.06817291402188852,-0.002640241672635324
2024-01-02,1006276.7759042563,-0.07214747979837643,-0.004265346904265943
2024-01-03,999403.2938451471,-0.0784852765197348,-0.006830607864255378
2024-01-04,997246.0642765394,-0.0804743822407602,-0.0021585175693267233
2024-01-05,999525.6772009148,-0.0783724311199413,0.0022859081685413507
2024-01-08,1000218.0692737364,-0.07773400067503933,0.0006927206460174418
2024-01-09,997857.5302192256,-0.07991057094199605,-0.0023600244057027098
2024-01-10,1000592.4888670044,-0.07738876150074314,0.0027408307949312594
2024-01-11,999053.8151875893,-0.07880751853200851,-0.0015377625722110544
2024-01-12,1001347.9065004963,-0.07669221739694987,0.002296264003031956
2024-01-16,1000429.1941688742,-0.07753932981437595,-0.0009174756602157164
2024-01-17,997314.0231739398,-0.08041171972510552,-0.0031138345553004543
2024-01-18,999436.4064676692,-0.07845474453192258,0.00212809931918434
2024-01-19,1006728.0928027307,-0.07173133631609963,0.007295798199740133
2024-01-22,1004399.8770050507,-0.07387810244166126,-0.0023126560332674684
2024-01-23,1007382.4758032081,-0.07112795270364924,0.002969533217239251
2024-01-24,1012381.9714630427,-0.06651809311154433,0.004962857484540173
2024-01-25,1016605.6212540466,-0.06262361378252435,0.004171992301384098
2024-01-26,1017044.1088423523,-0.06221929975716989,0.0004313251659624484
2024-01-29,1025064.0965258059,-0.05482435041294842,0.00788558491586211
2024-01-30,1024963.9719459853,-0.054916671776161,-9.767640888003193e-05
2024-01-31,1005515.4866486875,-0.07284943791894138,-0.01897479894866272
2024-02-01,1018616.5803105258,-0.06076937897033774,0.013029231111599593
2024-02-02,1031196.8445082877,-0.049169558602619956,0.012350343044609469
2024-02-05,1029245.2219835854,-0.050969081280066275,-0.0018925800007010274
2024-02-06,1029370.8831669253,-0.05085321351043737,0.0001220906161678581
2024-02-07,1039401.1646797147,-0.04160464273664566,0.00974408901282553
2024-02-08,1042641.8902687385,-0.03861648333849643,0.0031178775810034587
2024-02-09,1043829.9297222662,-0.03752103382853034,0.001139451104560374
2024-02-12,1042207.1893591409,-0.03901730580023077,-0.0015546022555197325
2024-02-13,1033137.1265186557,-0.04738049261567612,-0.008702744457234513
2024-02-14,1045575.180310904,-0.035911799474894424,0.012039112207844704
2024-02-15,1052387.191042996,-0.029630683308090044,0.006515084577721542
2024-02-16,1047828.7318340287,-0.03383387865807297,-0.004331541896143265
2024-02-20,1037350.9363340425,-0.04349508638303845,-0.009999530630971365
2024-02-21,1036073.5026840944,-0.04467296314604885,-0.0012314382772550259
2024-02-22,1053643.2938848627,-0.028472474935039682,0.016958054766627262
2024-02-23,1053737.8331388556,-0.028385303604869128,8.972605296464486e-05
2024-02-26,1055549.5748331083,-0.026714760134901705,0.0017193476757457749
2024-02-27,1054719.9341897836,-0.027479742672711693,-0.0007859797996279116
2024-02-28,1054523.887829645,-0.027660510145127493,-0.0001858752772024852
2024-02-29,1057669.5946659013,-0.024759964206150675,0.002983058869088673
2024-03-01,1072823.5819461278,-0.01078700405666655,0.014327713831097988
2024-03-04,1079907.553931338,-0.004255121957322139,0.00660310987232382
2024-03-05,1067682.22794184,-0.015527666252552419,-0.011320715319559027
2024-03-06,1076663.4833801026,-0.007246365627803231,0.00841191808125874
2024-03-07,1088948.3136148136,0.0,0.011410092776754865
2024-03-08,1075094.813300487,-0.012721908047535702,-0.012721908047535702
2024-03-11,1071125.540718944,-0.016366959453480434,-0.003692020957070219
2024-03-12,1076563.4507711069,-0.01137323295225523,0.005076818585161291
2024-03-13,1077685.8745481966,-0.010342491857332381,0.001042598814111395
2024-03-14,1071745.401052696,-0.015797731028217354,-0.005512249567148797
2024-03-15,1070113.6803241607,-0.017296168289319902,-0.0015224891349499003
2024-03-18,1073351.6905375,-0.014322647716437431,0.0030258562925373766
2024-03-19,1076058.6235590454,-0.01183682447974077,0.002521944154380451
2024-03-20,1082919.509332528,-0.005536354854412395,0.006375940514086853
2024-03-21,1092528.1930331052,0.0,0.008872943573155823
2024-03-22,1087762.4197007976,-0.004362151350142063,-0.004362151350142063
2024-03-25,1087642.2459433314,-0.0044721473742561635,-0.00011047794563390223
2024-03-26,1086469.5548802332,-0.005545521105548623,-0.0010781955808282229
2024-03-27,1089651.3577519374,-0.00263319088652636,0.002928570669479047
2024-03-28,1093767.7376607326,0.0,0.0037777036476032144
2024-04-01,1093926.1466666774,0.0,0.0001448287424199446
2024-04-02,1096298.3645142263,0.0,0.002168535650032055
2024-04-03,1102794.5596119012,0.0,0.00592557218723333
2024-04-04,1096990.0004565208,-0.005263499991714826,-0.005263499991714826
2024-04-05,1108048.057352439,0.0,0.010080362529573117
2024-04-08,1110100.0094786768,0.0,0.0018518620312739653
2024-04-09,1108922.7205298077,-0.0010605251227967516,-0.0010605251227967516
2024-04-10,1110906.4605874328,0.0,0.0017888893616295753
2024-04-11,1107723.85653152,-0.002864871317995621,-0.002864871317995621
2024-04-12,1099655.6839519104,-0.010127564322178095,-0.0072835594647860935
2024-04-15,1103023.1116978035,-0.007096321039901765,0.003062256481766612
2024-04-16,1100687.5564956658,-0.00919870795094968,-0.00211741275170807
2024-04-17,1102134.5132054184,-0.007896207010422818,0.0013145935022280675
2024-04-18,1103165.4659143272,-0.00696817864306265,0.0009354145946400827
2024-04-19,1100907.2316330238,-0.009000963905747339,-0.002047049469076412
2024-04-22,1095276.3013238735,-0.014069734777934717,-0.005114809084138527
2024-04-23,1091554.0119420786,-0.017420412367681215,-0.0033984934918208642
2024-04-24,1094960.2356832947,-0.0143542462573365,0.003120526977089977
2024-04-25,1094601.5506330433,-0.014677122271633647,-0.0003275781517559917
2024-04-26,1095858.6425591025,-0.013545531115529919,0.0011484470539369074
2024-04-29,1092314.7644660797,-0.016735608965242843,-0.003233882505819352
2024-04-30,1100306.0950643127,-0.009542086484504608,0.007315959518444437
2024-05-01,1096272.897554047,-0.013172632937653361,-0.003665523192462161
2024-05-02,1092384.1340647284,-0.016673164825155573,-0.003547258623281646
2024-05-03,1088252.8785144964,-0.020391979772048097,-0.003781870700428236
2024-05-06,1084765.457392165,-0.023531236987716198,-0.003204605465497945
2024-05-07,1085125.7039731576,-0.02320695533685413,0.0003320962873012423
2024-05-08,1084437.953607704,-0.023826044693027182,-0.0006337978751543849
2024-05-09,1084252.8520394803,-0.023992666793798634,-0.00017068894315974692
2024-05-10,1085741.2284776517,-0.022652881230408983,0.0013727207960503307
2024-05-13,1085048.399813784,-0.023276541897123693,-0.0006381158287956934
2024-05-14,1086039.9605501872,-0.022383972836107713,0.0009138400983526029
2024-05-15,1092861.6662518082,-0.01624330668315932,0.006281265836816097
2024-05-16,1094350.2681480944,-0.014903318170085833,0.0013621137443604603
2024-05-17,1091811.972341259,-0.017188205239239362,-0.002319454639629015
2024-05-20,1089368.9093344922,-0.01938736699897481,-0.0022376224740675577
2024-05-21,1095821.918690922,-0.013578588685616566,0.005923621742034202
2024-05-22,1096065.453277479,-0.013359367180299064,0.00022223920000419284
2024-05-23,1083514.8687376408,-0.024656974121212483,-0.011450579436026453
2024-05-24,1093051.0246404822,-0.016072852738212462,0.0088011306332616
2024-05-28,1094515.8842522271,-0.014754236217636718,0.001340156661238101
2024-05-29,1092276.494911779,-0.01677005790910835,-0.0020460089914347
2024-05-30,1084775.9272613747,-0.023521812369549755,-0.006866912988922391
2024-05-31,1072973.9127314186,-0.03414558219056174,-0.010879679603281178
2024-06-03,1076650.4605263402,-0.030836079612840295,0.0034265025004776017
2024-06-04,1078256.4056412904,-0.02939046274776147,0.0014916123420085636
2024-06-05,1087098.1147810027,-0.021431458589088237,0.008200006133470383
2024-06-06,1084550.5795696822,-0.023724662654148188,-0.002343427126477615
2024-06-07,1086210.509084576,-0.022230450878643615,0.0015305229153557143
2024-06-10,1087031.0471537958,-0.021491830573216797,0.0007554134878617891
2024-06-11,1086579.9597222926,-0.021897884050720795,-0.00041497198510043187
2024-06-12,1091351.3741800394,-0.017602819950343074,0.004391222583348897
2024-06-13,1091971.150393361,-0.017044918601030634,0.0005678979547603102
2024-06-14,1091377.458268586,-0.01757933994597538,-0.0005436884706716549
2024-06-17,1095412.320549914,-0.013947294922855957,0.0036970364842690007
2024-06-18,1096749.356549221,-0.012743740846304585,0.0012205778356007002
2024-06-20,1086796.2411892416,-0.02170319487154848,-0.0090751048090838
2024-06-21,1088037.8862306278,-0.020585508472704794,0.0011424819062930691
2024-06-24,1081462.1443909646,-0.02650476636970711,-0.0060436699152489615
2024-06-25,1085174.375892938,-0.023163142539370907,0.003432604202770362
2024-06-26,1087273.0511306776,-0.02127398687037807,0.0019339520766075147
2024-06-27,1087819.8561378426,-0.02078177170504736,0.0005029141544494742
2024-06-28,1079066.4239585695,-0.028661311963229297,-0.008046766318782761
2024-07-01,1082504.5840341167,-0.025566397857023526,0.0031862358045895434
2024-07-02,1085043.804869775,-0.023280678108561936,0.0023456906077898854
2024-07-03,1082476.472068733,-0.025591703286761303,-0.0023661098192713226
2024-07-05,1088524.5491188746,-0.020147431185811082,0.005587259590578375
2024-07-08,1091394.2050741892,-0.01756426504435471,0.002636280419800796
2024-07-09,1093824.011856896,-0.015377036084121554,0.0022263328606748622
2024-07-10,1098924.8553337876,-0.010785431248018451,0.004663312764758398
2024-07-11,1087185.8509693246,-0.021352481473161156,-0.010682263038720219
2024-07-12,1087430.5332594179,-0.021132226844374657,0.00022506022302914985
2024-07-15,1092203.8839649472,-0.01683541979996761,0.004389568399575827
2024-07-16,1099372.0399183154,-0.010382890979874437,0.006563020017239074
2024-07-17,1095245.5691038477,-0.014097398871281919,-0.0037534798636267297
2024-07-18,1085253.1647528394,-0.02309221950246676,-0.009123437366822085
2024-07-19,1077593.217761129,-0.02998744179477386,-0.007058212074834147
2024-07-22,1074892.2792533333,-0.03241873426053865,-0.002506454628034116
2024-07-23,1070421.2006917612,-0.03644344625942997,-0.004159559658087675
2024-07-24,1072309.7352089235,-0.03474345207975471,0.0017642910248243382
2024-07-25,1085846.529745678,-0.022558092630502458,0.012623959376921068
2024-07-26,1085963.4854723015,-0.02245281308557867,0.00010770926039693762
2024-07-29,1082970.188414196,-0.025147276718927802,-0.0027563514778801146
2024-07-30,1092455.2374228702,-0.016609160014071644,0.008758365752028041
2024-07-31,1073631.2321599103,-0.03355388572302653,-0.01723091676265498
2024-08-01,1085423.4712522072,-0.022938915416650496,0.010983509736926633
2024-08-02,1110571.3824699586,-0.00030162586082815857,0.023168755682737796
2024-08-05,1114149.629858727,0.0,0.003221987749054245
2024-08-06,1104734.367311308,-0.008450626643939252,-0.008450626643939252
2024-08-07,1103004.8015331104,-0.010002990645906151,-0.0015655942544875456
2024-08-08,1080801.957401735,-0.02993105375013272,-0.02012941747897634
2024-08-09,1078439.1390615124,-0.03205179074712139,-0.0021861714109981945
2024-08-12,1079310.6340447594,-0.031269584336158895,0.0008081077101906864
2024-08-13,1073008.3863732833,-0.03692613844933956,-0.005839141645309409
2024-08-14,1073817.6996740205,-0.036199742928443635,0.0007542469481274239
2024-08-15,1065527.98485409,-0.043640139261009514,-0.00771985302761069
2024-08-16,1065105.7384965068,-0.044019124584225744,-0.0003962789936868827
2024-08-19,1064526.1885447074,-0.04453929704245552,-0.0005441243351270719
2024-08-20,1068735.1430544083,-0.04076156881197124,0.003953828994526454
2024-08-21,1069217.8782870832,-0.04032829197038923,0.00045168836807896184
2024-08-22,1067007.113054997,-0.04231255438258119,-0.0020676470876337394
2024-08-23,1069122.7166402696,-0.04041370387940335,0.001982745531297514
2024-08-26,1067109.2945843912,-0.04222084180946195,-0.0018832469131379037
2024-08-27,1070579.4619033982,-0.039106208706323975,0.003251932427744908
2024-08-28,1063859.8990383171,-0.04513732219862299,-0.006276566200078437
2024-08-29,1067469.5455970787,-0.04189750012982307,0.003392971726845495
2024-08-30,1068507.6478562274,-0.04096575610610498,0.0009724888765496598
2024-09-03,1052071.2163406434,-0.055718201446564475,-0.015382605401618621
2024-09-04,1052445.958086768,-0.05538185367416326,0.0003561942768741666
2024-09-05,1048490.4362603241,-0.058932114537190605,-0.0037584084921895577
2024-09-06,1037719.9227849438,-0.06859914056918415,-0.010272400303235618
2024-09-09,1038472.2231620449,-0.06792391674202503,0.0007249551257357822
2024-09-10,1041809.2480461355,-0.06492878503380584,0.0032133983073034944
2024-09-11,1040906.6426894098,-0.06573891442086144,-0.0008663825536379122
2024-09-12,1044221.8658760544,-0.06276335072833927,0.0031849380633013347
2024-09-13,1045802.7888182622,-0.06134440043670908,0.0015139722638171094
2024-09-16,1044555.6704153134,-0.06246374596223492,-0.0011924986395933646
2024-09-17,1039849.8900780673,-0.06668739798448875,-0.004505054608889503
2024-09-18,1034656.6353653552,-0.07134858044466752,-0.0049942349970554245
2024-09-19,1038175.8866772059,-0.06818989222404048,0.0034013712294107545
2024-09-20,1039548.23053821,-0.06695815115064607,0.001321879922867808
2024-09-23,1041012.38811191,-0.06564400309147955,0.0014084556451430252
2024-09-24,1048232.7243473788,-0.059163422708049085,0.006935879263227918
2024-09-25,1046862.4196093428,-0.06039333357577492,-0.0013072523936792368
2024-09-26,1052613.2546005193,-0.05523169743906886,0.005493400931635861
2024-09-27,1048912.6149641185,-0.058553189936328964,-0.0035156688557995697
2024-09-30,1049206.9802233477,-0.05828898371901281,0.0002806384965055031
2024-10-01,1042920.0608151164,-0.0639317800183109,-0.005992067844318938
2024-10-02,1045534.9759612802,-0.06158477466455492,0.002507301608639212
2024-10-03,1045408.5129389225,-0.061698280982708686,-0.00012095532456135594
2024-10-04,1056981.1455809781,-0.05131131649255938,0.011069962123726906
2024-10-07,1050503.8400763166,-0.05712499297825979,-0.006128118303473817
2024-10-08,1047558.3023820441,-0.0597687471162438,-0.0028039285359094945
2024-10-09,1049575.1128034424,-0.05795856797391985,0.0019252488542282897
2024-10-10,1049611.8934698524,-0.05792555565185442,3.504338656790118e-05
2024-10-11,1051883.6574602546,-0.05588654407789706,0.002164384764060001
2024-10-14,1051424.4735435902,-0.05629868254149173,-0.00043653488996409084
2024-10-15,1033369.2909056102,-0.07250403068693723,-0.01717211563197596
2024-10-16,1038655.659279481,-0.06775927447807761,0.005115662348779582
2024-10-17,1039015.2282556595,-0.06743654495724649,0.00034618689357346355
2024-10-18,1040410.8147092132,-0.06618394259922156,0.0013431819049434246
2024-10-21,1037711.8661419458,-0.06860637177294893,-0.0025941181397867163
2024-10-22,1036457.8736645989,-0.0697318870931003,-0.0012084206784770402
2024-10-23,1024448.6297320033,-0.08051073008757159,-0.011586813355119352
2024-10-24,1022395.3616598691,-0.08235363163069254,-0.002004266502529606
2024-10-25,1019657.354291738,-0.08481111785584006,-0.00267803187573723
2024-10-28,1021525.4203413138,-0.08313444355688371,0.0018320527397885922
2024-10-29,1018850.6356973184,-0.08553518450972564,-0.0026184220096077127
2024-10-30,1015961.4076570364,-0.08812839817048701,-0.0028357719365846856
2024-10-31,1006393.0221644816,-0.09671645962662034,-0.009418059997594819
2024-11-01,1010699.3151865496,-0.0928513656512141,0.004278937678647843
2024-11-04,1011060.9778215694,-0.0925267569762862,0.0003578340556738002
2024-11-05,1011420.8877765941,-0.09220372141142197,0.0003559725505382083
2024-11-06,1032002.3631295558,-0.07373091057759218,0.020349070897879074
2024-11-07,1030339.0390772118,-0.07522381961581093,-0.0016117444220767885
2024-11-08,1030749.6384088927,-0.07485528802842167,0.00039850895298365607
2024-11-11,1036719.9926671264,-0.06949662335876616,0.0057922448243104
2024-11-12,1039931.4668737847,-0.06661417909760758,0.0030977257401936242
2024-11-13,1046390.3590693608,-0.06081702939483824,0.006210882544974483
2024-11-14,1045474.9096911901,-0.06163868687569807,-0.000874864117617502
2024-11-15,1040892.4969544269,-0.06575161086180958,-0.004383092022855695
2024-11-18,1039653.8160119196,-0.06686338338258335,-0.001190018129760273
2024-11-19,1038852.7807525618,-0.06758234898459092,-0.0007704826808895282
2024-11-20,1034642.7576137164,-0.07136103635836788,-0.004052569542910112
2024-11-21,1029365.7956629609,-0.07609734987437611,-0.005100274381590664
2024-11-22,1033969.4467375285,-0.07196536351348548,0.004472317900948708
2024-11-25,1032498.5390931191,-0.07328557006832315,-0.001422583277533529
2024-11-26,1033536.5515081612,-0.0723539066837795,0.001005340323245285
2024-11-27,1036617.6318669141,-0.06958849683560364,0.002981104397572487
2024-11-29,1036223.4503928189,-0.06994229264859975,-0.00038025735042279685
2024-12-02,1031549.7536838024,-0.0741371481543267,-0.00451031744865904
2024-12-03,1027774.1349412113,-0.07752593781184314,-0.003660142159026103
2024-12-04,1026336.0623175531,-0.0788166734411685,-0.0013992107553285615
2024-12-05,1026302.7150564805,-0.07884660412568234,-3.249156128970476e-05
2024-12-06,1028080.3881115796,-0.07725106165323681,0.0017321137604136005
2024-12-09,1022161.00620267,-0.08256397631951917,-0.0057577033638220865
2024-12-10,1022411.591021496,-0.08233906504000132,0.0002451520037503041
2024-12-11,1027876.3280352359,-0.07743421485894186,0.005344948220197709
2024-12-12,1025172.07441023,-0.07986140556343346,-0.0026309134194917316
2024-12-13,1029333.9296313243,-0.07612595108805753,0.004059665030856863
2024-12-16,1039034.2527603662,-0.0674194695984286,0.009423883590931714
2024-12-17,1038782.9431246021,-0.06764503143413636,-0.0002418684803666693
2024-12-18,1038395.1607336847,-0.06799308377874524,-0.0003733045420932779
2024-12-19,1041922.8731264878,-0.06482680135288255,0.003397273529578637
2024-12-20,1033300.2033885402,-0.07256603987782007,-0.00827572746538685
2024-12-23,1030703.0105169445,-0.07489713868357484,-0.002513493042078818
2024-12-24,1029668.0061235385,-0.07582610223179875,-0.001004173251504259
2024-12-26,1029280.432017322,-0.07617396763140905,-0.0003764068650394803
2024-12-27,1029596.7486944156,-0.07589005901750623,0.00030731826551244623
2024-12-30,1030539.9426984744,-0.0750434994721978,0.0009160809853516749
2024-12-31,1027108.1485786821,-0.07812369088259874,-0.0033300932623786528
2025-01-02,1028483.5297608222,-0.0768892236752502,0.001339081170802947
2025-01-03,1023089.6190777762,-0.08173050400106241,-0.005244528013297778
2025-01-06,1028980.7801768424,-0.07644291879600051,0.005758206308824176
2025-01-07,1029134.7435370224,-0.07630472967305524,0.00014962705149224043
2025-01-08,1029011.1964237669,-0.07641561883008086,-0.00012004950180855012
2025-01-10,1037189.5556554025,-0.06907516920602763,0.00794778449453104
2025-01-13,1029777.2109919197,-0.0757280858922923,-0.007146567011850458
2025-01-14,1027284.6548347507,-0.07796526848462071,-0.002420480984200557
2025-01-15,1021009.0781934551,-0.08359788413436187,-0.006108897482076214
2025-01-16,1021018.7430479547,-0.0835892094875813,9.465982924172778e-06
2025-01-17,1015340.2009718852,-0.08868595944278224,-0.005561643324115573
2025-01-21,1011414.2826210257,-0.09220964983915858,-0.0038666038704088246
2025-01-22,1007837.9195915903,-0.09541959842558756,-0.003536002102093594
2025-01-23,1011413.4287434731,-0.09221041623312376,0.0035477025446033483
2025-01-24,1010511.5651788712,-0.09301987982798787,-0.0008916863658043894
2025-01-27,1007915.7917182487,-0.0953497046477938,-0.0025687716499939173
2025-01-28,1011053.671655567,-0.0925333145927918,0.003113236207926695
2025-01-29,1010190.3845459851,-0.09330815406358284,-0.0008538489437145413
2025-01-30,1012571.7656574565,-0.09117075613456926,0.00235735871960574
2025-01-31,1011182.059263393,-0.09241808087158832,-0.0013724522460499822
2025-02-03,1013571.4346694634,-0.09027350769933562,0.002362952728622414
2025-02-04,1018921.0942458794,-0.0854719447556811,0.005278029148641616
2025-02-05,1019788.7473766924,-0.08469318658212865,0.0008515410424936309
2025-02-06,1023988.796777022,-0.08092345109259469,0.004118548484805196
2025-02-07,1020443.9368107234,-0.08410512424609029,-0.0034618151853378354
2025-02-10,1021629.0954761012,-0.08304139040494718,0.0011614147751044523
2025-02-11,1021091.8040341837,-0.08352363392728768,-0.000525916347034916
2025-02-12,1022049.9607753502,-0.08266364464444065,0.0009383649319101295
2025-02-13,1023005.7776488349,-0.08180575549933022,0.0009351958418544193
2025-02-14,1023010.3372029196,-0.08180166309202452,4.457016943959502e-06
2025-02-18,1020770.6917125327,-0.08381184685044041,-0.002189269657343451
2025-02-19,1020543.3469167919,-0.08401589915153895,-0.00022271877277291185
2025-02-20,1005575.1655944797,-0.09745052312050273,-0.014666874628631144
2025-02-21,994912.9478845656,-0.10702034877423117,-0.010603103651242951
2025-02-24,993100.0193318035,-0.10864753466037813,-0.0018221981698165468
2025-02-25,990643.6638400069,-0.11085222550796936,-0.002473422056168517
2025-02-26,990550.4231445672,-0.11093591327569907,-9.412132620756353e-05
2025-02-27,995006.6292307823,-0.10693626550237423,0.0044987170588131065
2025-02-28,990262.3584811426,-0.1111944644215278,-0.00476807953863323
2025-03-03,995293.4797019071,-0.1066788041493949,0.005080594226040569
2025-03-04,992417.8352161975,-0.10925982595171257,-0.0028892427654312325
2025-03-05,986878.2366966639,-0.11423186774132044,-0.00558192156867765
2025-03-06,990970.862754406,-0.11055854959081224,0.004147042568737991
2025-03-07,984868.7178313596,-0.11603550238019666,-0.006157744039098634
2025-03-10,994027.9085819668,-0.10781471182824132,0.009299910317768445
2025-03-11,993755.9695379905,-0.10805878949670555,-0.00027357284602214094
2025-03-12,985377.6463475747,-0.11557871587452806,-0.00843096640145069
2025-03-13,1000038.442608363,-0.10241998398799745,0.014878352797153882
2025-03-14,986058.1820573653,-0.11496790410243518,-0.013979723133976218
2025-03-17,980355.0189368881,-0.12008675256554546,-0.005783799804366385
2025-03-18,987550.9959380783,-0.11362803570351798,0.007340174592050941
2025-03-19,981509.7049334173,-0.11905036933156676,-0.0061174471288162335
2025-03-20,982824.0081924401,-0.11787072233999563,0.0013390629276681665
2025-03-21,981442.0676864587,-0.11911107683901989,-0.0014060915224517467
2025-03-24,972143.2881077684,-0.12745715471714958,-0.009474608726127043
2025-03-25,971859.9056242141,-0.12771150339344917,-0.00029150279287104564
2025-03-26,977728.0471955668,-0.12244457926217533,0.0060380529512467085
2025-03-27,979855.9019395243,-0.12053473278650284,0.002176325768766585
2025-03-28,986844.5008220938,-0.11426214722413497,0.00713227207055267
2025-03-31,986292.6716983315,-0.11475743897757051,-0.0005591854879898328
2025-04-01,982182.8860887481,-0.11844615860682217,-0.004166902713072518
2025-04-02,979527.7044817052,-0.12082930494182531,-0.002703347456619154
2025-04-03,989512.3782072355,-0.11186760585047761,0.010193355103532697
2025-04-04,1006239.0750355988,-0.09685463418123763,0.016903979370797018
2025-04-07,1000712.9780604473,-0.10181455772027992,-0.00549183301687628
2025-04-08,1026028.2106228874,-0.07909298434808387,0.025297196216546913
2025-04-09,924193.6616060832,-0.1704941267868394,-0.09925121742508602
2025-04-10,953385.7145781927,-0.14429293065503157,0.03158651069017182
2025-04-11,939241.4255314398,-0.15698807380967794,-0.014835851671021416
2025-04-14,933624.5199881571,-0.16202950217149947,-0.005980257461604799
2025-04-15,935010.6718161366,-0.1607853678193163,0.0014846994678299197
2025-04-16,943822.9742777607,-0.15287592529431038,0.009424814846773266
2025-04-17,937696.5880663655,-0.15837463574325805,-0.006491033147485448
2025-04-21,946186.723482143,-0.150754352804373,0.009054245823038709
2025-04-22,933929.5423848038,-0.16175573068832327,-0.01295429410828186
2025-04-23,926101.4917937161,-0.16878176236423048,-0.00838184277916576
2025-04-24,920493.4235555789,-0.17381525884248017,-0.006055565494528237
2025-04-25,919976.4679751802,-0.17427925000358147,-0.0005616070328909872
2025-04-28,919572.8854843843,-0.17464148365692578,-0.0004386878413142892
2025-04-29,920430.9681793916,-0.17387131538507883,0.000933131792544506
2025-04-30,922793.9941345918,-0.17175039204419873,0.002567303835804502
2025-05-01,924242.269761728,-0.1704504987548927,0.0015694463079969356
2025-05-02,922490.315766977,-0.17202295720014937,-0.0018955570980351277
2025-05-05,924830.9326853586,-0.16992214698969466,0.0025372807479668857
2025-05-06,925421.5004801584,-0.16939208551592777,0.0006385683846938939
2025-05-07,925255.7804650648,-0.1695408267717271,-0.0001790751727808182
2025-05-08,925386.9197549208,-0.16942312329066722,0.00014173301331887878
2025-05-09,925989.0354754516,-0.1688826970279872,0.0006506637468901566
2025-05-12,926579.88983031,-0.1683523783535258,0.0006380792128439783
2025-05-13,930868.0591324876,-0.16450355124156835,0.004627954210146834
2025-05-14,933543.6604800394,-0.16210207726011483,0.0028743078262296606
2025-05-15,937590.8449246201,-0.15846954502555854,0.004335292087463305
2025-05-16,939023.4117992619,-0.15718375105655336,0.0015279232752714034
2025-05-19,938539.5100901609,-0.1576180748638164,-0.0005153244349614949
2025-05-20,937530.3899977222,-0.1585238060738754,-0.001075202569087108
2025-05-21,932582.1248667255,-0.16296509923449343,-0.005277978382128734
2025-05-22,931466.6700041309,-0.1639662707402777,-0.0011960929046908042
2025-05-23,930003.8478043886,-0.16527922024054165,-0.0015704503948980042
2025-05-27,933170.6277421328,-0.16243689111985993,0.0034051256295557497
2025-05-28,933479.7358611911,-0.16215945251486985,0.00033124501550818586
2025-05-29,934676.1231140231,-0.16108564050545082,0.0012816424469335175
2025-05-30,936775.0318836307,-0.15920177435914717,0.002245600072263265
2025-06-02,936581.8667314185,-0.15937514887459414,-0.00020620228511403216
2025-06-03,937432.4690473212,-0.1586116945834406,0.000908198574109953
2025-06-04,938251.6579632317,-0.1578764352484675,0.0008738644573971222
2025-06-05,940990.0217632805,-0.15541862910945192,0.002918581360136674
2025-06-06,941289.1525932767,-0.15515014557548157,0.0003178894813737898
2025-06-09,941968.5643468562,-0.15454034260524163,0.0007217885723083128
2025-06-10,938749.3325400406,-0.15742974966560552,-0.0034175575795862834
2025-06-11,939080.8164795815,-0.15713222774336344,0.00035311230383938685
2025-06-12,936916.1303070625,-0.15907513210244262,-0.0023051116948954453
2025-06-13,934143.0173923792,-0.16156412715334523,-0.0029598304746599746
2025-06-16,936678.2812365275,-0.15928861246823978,0.0027139996734391048
2025-06-17,935460.6850336771,-0.16038146047556245,-0.0012999086529933424
2025-06-18,934807.821073411,-0.16096743559305982,-0.0006979063585580425
2025-06-20,933580.5589922648,-0.16206895916606667,-0.0013128496076734164
2025-06-23,933139.1529819248,-0.1624651411496265,-0.0004728097710351431
2025-06-24,938790.0500249612,-0.1573932038697542,0.0060557924560109555
2025-06-25,943541.6347563121,-0.15312844031914086,0.005061392300892642
2025-06-26,948871.6793386791,-0.1483444827253635,0.005648976564498476
2025-06-27,950038.3233099871,-0.1472973666647891,0.0012295065778769043
2025-06-30,953917.4499640083,-0.14381567394590977,0.004083126500103784
2025-07-01,948502.015713969,-0.14867627265267958,-0.005677047055008377
2025-07-02,959705.5824345744,-0.13862056162396796,0.011811853359291025
2025-07-03,969228.9087753404,-0.1300729428072982,0.009923174893499365
2025-07-07,959961.0368446123,-0.13839127966471232,-0.009562108441893646
2025-07-08,957631.6362098919,-0.14048202275010546,-0.0024265574802673218
2025-07-09,963351.1303991543,-0.13534851640950052,0.005972540978177232
2025-07-10,964390.093545364,-0.13441599970046436,0.0010784885317767223
2025-07-11,961477.7573647492,-0.13702995396887263,-0.0030198735969053647
2025-07-14,963001.3835263245,-0.13566243014555235,0.0015846712520437567
2025-07-15,964419.9415987699,-0.1343892097140873,0.0014730592257830022
2025-07-16,967082.2585888939,-0.13199965904802313,0.0027605370599352863
2025-07-17,971928.0410633293,-0.12765034873586178,0.00501072419786297
2025-07-18,967590.1551433821,-0.13154379877497113,-0.004463176013731807
2025-07-21,969167.7276217804,-0.13012785567709628,0.0016304139412874896
2025-07-22,962761.6539990794,-0.13587759830683022,-0.006609870964668585
2025-07-23,972224.5965957321,-0.1273841766486885,0.009828956686575463
2025-07-24,973025.9157718896,-0.12666495621843166,0.0008242119968608907
2025-07-25,977892.6220302631,-0.12229686585790212,0.005001620387996342
2025-07-28,981294.0517982672,-0.11924392783517401,0.0034783264454354423
2025-07-29,975535.6568259104,-0.12441234939905943,-0.005868164554553412
2025-07-30,978373.1716097229,-0.12186555073955418,0.002908673572265874
2025-07-31,974432.5618428523,-0.1254024273504366,-0.004027716500430101
2025-08-01,959468.4551883251,-0.13883339411961693,-0.015356739132595165
2025-08-04,969114.283083627,-0.1301758245824579,0.010053303829992588
2025-08-05,964439.041979501,-0.13437206625308418,-0.0048242412538279655
2025-08-06,962296.3390944302,-0.13629523961117473,-0.0022217089850209426
2025-08-07,959093.9094922601,-0.13916956592816698,-0.0033279037569484693
2025-08-08,962584.2140002297,-0.1360368587814509,0.0036391686709984494
2025-08-11,960832.8100642964,-0.13760882352388448,-0.0018194812572865926
2025-08-12,964842.211078638,-0.1340102036375681,0.004172839408006279
2025-08-13,958455.5549349223,-0.139742518196184,-0.006619378868774617
2025-08-14,957169.6248903546,-0.14089669893645917,-0.001341668935973761
2025-08-15,953841.7769040178,-0.14388359396128525,-0.003476758873034669
2025-08-18,950951.9717893064,-0.14647732557261095,-0.0030296482966925
2025-08-19,947802.419468606,-0.1493041921229321,-0.0033119993586786522
2025-08-20,944600.8776164115,-0.15217772164391796,-0.0033778578598580022
2025-08-21,943642.2493815483,-0.1530381341138165,-0.0010148500362208157
2025-08-22,951450.6953236875,-0.14602969850258773,0.008274794761740312
2025-08-25,949188.4221998987,-0.14806019159181094,-0.0023777092548333822
2025-08-26,950679.1347041995,-0.1467222092738616,0.001570512734284879
2025-08-27,950918.5344997317,-0.14650733706180286,0.0002518197642011888
2025-08-28,952266.4540517953,-0.1452975179172823,0.001417492143817256
2025-08-29,952721.0420791553,-0.14488950447350657,0.0004773748202782091
2025-09-02,951319.4198645545,-0.14614752420177102,-0.0014711779762331956
2025-09-03,951421.8410796493,-0.14605559649982702,0.00010766227720782062
2025-09-04,955365.2995188667,-0.14251616307586445,0.004144805457422018
2025-09-05,953097.6526892699,-0.14455147931061862,-0.0023735913694362676
2025-09-08,953554.6446155243,-0.14414130825817895,0.00047948069640613156
2025-09-09,952183.5455319429,-0.14537193208718413,-0.0014378820252449742
2025-09-10,954484.7029147255,-0.14330653860581266,0.0024167161820645156
2025-09-11,959188.0606181605,-0.13908506100766338,0.004927640735437944
2025-09-12,960171.9073535503,-0.13820201378579733,0.0010257078624975602
2025-09-15,965365.1494553341,-0.13354084264450072,0.0054086586599866315
2025-09-16,966312.6552065852,-0.13269041310985086,0.0009814998519324103
2025-09-17,963890.7124354487,-0.13486421697445705,-0.00250637592096814
2025-09-18,971565.4777327139,-0.12797576582607917,0.007962277463877232
2025-09-19,973975.7395226988,-0.12581244617368148,0.002480802215831579
2025-09-22,982008.980538879,-0.11860224675262276,0.008247886153834871
2025-09-23,980987.6155466709,-0.11951896831751496,-0.0010400770384479952
2025-09-24,981066.8489946852,-0.11944785269184766,8.076906044340859e-05
2025-09-25,981273.7848929297,-0.11926211830510225,0.0002109294575149967
2025-09-26,986265.7042306357,-0.11478164350717146,0.005087183021250885
2025-09-29,983417.7945286464,-0.11733777207883411,-0.002887568420733899
2025-09-30,982814.2571740851,-0.1178794743227578,-0.0006137140876635305
2025-10-01,988447.2124680037,-0.11282364057928407,0.00573145459866975
2025-10-02,988957.1341627445,-0.1123659626506871,0.0005158815648511617
2025-10-03,992570.8794486669,-0.109122461787719,0.0036540969887253194
2025-10-06,992771.2815787158,-0.10894259175529408,0.0002019020849777231
2025-10-07,985642.9654661521,-0.11534057989039548,-0.007180219900426832
2025-10-08,996501.928387042,-0.10559416645554398,0.011017136327609478
2025-10-09,992342.804677766,-0.1093271692747464,-0.004173723693649101
2025-10-10,976393.8575620627,-0.12364207517991255,-0.016072013663546714
2025-10-13,983161.3149225778,-0.11756797419818599,0.0069310732632144045
2025-10-14,981470.8641673727,-0.11908523068681354,-0.0017194032449682206
2025-10-15,987765.1860752713,-0.11343579030716111,0.006413152073789119
2025-10-16,986158.5084749185,-0.11487785657662308,-0.0016265784854563314
2025-10-17,981529.4057790916,-0.1190326869259487,-0.004694075704914535
2025-10-20,985876.5008732207,-0.11513097123388283,0.004428899499631989
2025-10-21,975513.8189901522,-0.1244319498505364,-0.010511135901799085
2025-10-22,974736.2029077527,-0.1251298956753698,-0.0007971348711436343
2025-10-23,974794.0393772449,-0.12507798481174592,5.933550977132995e-05
2025-10-24,978873.2051102143,-0.12141674791532775,0.004184643697221935
2025-10-27,981418.3300699206,-0.11913238243020974,0.0026000558054091183
2025-10-28,982091.5287498427,-0.11852815597634692,0.0006859446775098199
2025-10-29,987294.3295276373,-0.11385840548829596,0.005297674020686927
2025-10-30,983542.1043687008,-0.1172261983397932,-0.0038005132276327513
2025-10-31,984285.4921316158,-0.11655897398949722,0.0007558270862151328
2025-11-03,985847.9753088009,-0.11515657422620573,0.0015874288401847014
2025-11-04,973745.7816083697,-0.1260188438676414,-0.01227592286390855
2025-11-05,979274.5310122981,-0.12105653965305452,0.005677816025858817
2025-11-06,974499.5615493006,-0.12534229206460712,-0.004876027418033169
2025-11-07,971063.8698822651,-0.12842598170104413,-0.0035255959085022104
2025-11-10,976185.7768721594,-0.1238288370692735,0.0052745315202751275
2025-11-11,975765.5744607821,-0.12420598785774573,-0.00043045332285385207
2025-11-12,978143.2592286551,-0.1220719075653397,0.002436737706376757
2025-11-13,973596.7505360236,-0.12615260603777734,-0.004648101031966223
2025-11-14,973832.8744736669,-0.12594067405726483,0.0002425274504185282
2025-11-17,973797.2269787414,-0.1259726693063501,-3.660535175997737e-05
2025-11-18,977302.0977596685,-0.12282688826671395,0.003599179258089613
2025-11-19,983369.1937416742,-0.11738139349706167,0.006208004664999489
2025-11-20,990944.1333547134,-0.11058254044354521,0.007703047503671456
2025-11-21,988580.1336249212,-0.11270433779144007,-0.0023856034363806122
2025-11-24,990227.991959716,-0.11122530993859803,0.0016668940420159206
2025-11-25,988648.6055100639,-0.11264288115823051,-0.001594972534079031
2025-11-26,982710.5675716884,-0.11797254046003225,-0.006006216875521608
2025-11-28,978102.0385592625,-0.12210890499215554,-0.0046896097024923256
2025-12-01,976167.7588459324,-0.12384500906784901,-0.0019775847887806286
2025-12-02,971935.1548545598,-0.1276439637844694,-0.004335939138551903
2025-12-03,977053.439928158,-0.12305006998741519,0.005266076700727984
2025-12-04,971090.7919822411,-0.12840181789103655,-0.006102683540375575
2025-12-05,973059.0383877206,-0.12663522716324616,0.0020268407668264654
2025-12-08,971660.6172264962,-0.1278903738004188,-0.0014371390697335285
2025-12-09,974259.79778792,-0.12555749095257962,0.002674988072319806
2025-12-10,982400.0118478044,-0.11825127835623694,0.008355280673971066
2025-12-11,984542.005359869,-0.11632874169270446,0.002180367962369756
2025-12-12,978395.5508018306,-0.12184546439611521,-0.006242958171999713
2025-12-15,980579.9012169577,-0.1198849104843358,0.002232584166329321
2025-12-16,976138.8833309908,-0.12387092615669215,-0.0045289709491855845
2025-12-17,974519.994480667,-0.12532395257876172,-0.0016584615959559512
2025-12-18,975672.3779149627,-0.12428963599918186,0.0011825138948635683
2025-12-19,977312.926859758,-0.12281716865652947,0.0016814547402697055
2025-12-22,981857.204363763,-0.11873847277743,0.004649767110526559
2025-12-23,981670.1870819207,-0.11890632929941791,-0.0001904729944549599
2025-12-24,983139.2499684099,-0.11758777849877233,0.0014964933292473948
2025-12-26,986805.2065034517,-0.11429741566348006,0.0037288273610880385
2025-12-29,976926.8179075874,-0.12316371901370138,-0.010010474742899289
2025-12-30,977240.8485141803,-0.12288186225211661,0.00032144742148187966
2025-12-31,968965.7843262794,-0.13030910897565606,-0.008467783761272885
2026-01-02,975012.2820417824,-0.12488210208765871,0.0062401560646510035
2026-01-05,982217.0445168704,-0.11841549986296329,0.007389406890342398
2026-01-06,980056.0222490993,-0.1203551157007795,-0.00220014739087937
2026-01-07,971003.7650766333,-0.1284799284995899,-0.009236469106829515
